city_id,ward_id,ward_number,ward_name,zone_name,assembly_constituency
chennai,ward-001,1,Ward 1,Zone Thiruvottiyur,Tiruvottiyur
chennai,ward-002,2,Ward 2,Zone Thiruvottiyur,Tiruvottiyur
chennai,ward-003,3,Ward 3,Zone Thiruvottiyur,Tiruvottiyur
chennai,ward-004,4,Ward 4,Zone Thiruvottiyur,Tiruvottiyur
chennai,ward-005,5,Ward 5,Zone Thiruvottiyur,Tiruvottiyur
chennai,ward-006,6,Ward 6,Zone Thiruvottiyur,Tiruvottiyur
chennai,ward-007,7,Ward 7,Zone Thiruvottiyur,Tiruvottiyur
chennai,ward-008,8,Ward 8,Zone Thiruvottiyur,Tiruvottiyur
chennai,ward-009,9,Ward 9,Zone Thiruvottiyur,Tiruvottiyur
chennai,ward-010,10,Ward 10,Zone Thiruvottiyur,Tiruvottiyur
chennai,ward-011,11,Ward 11,Zone Thiruvottiyur,Tiruvottiyur
chennai,ward-012,12,Ward 12,Zone Thiruvottiyur,Tiruvottiyur
chennai,ward-013,13,Ward 13,Zone Thiruvottiyur,Tiruvottiyur
chennai,ward-014,14,Ward 14,Zone Thiruvottiyur,Tiruvottiyur
chennai,ward-015,15,Ward 15,Zone Manali,Ponneri
chennai,ward-016,16,Ward 16,Zone Manali,Madavaram
chennai,ward-017,17,Ward 17,Zone Manali,Madavaram
chennai,ward-018,18,Ward 18,Zone Manali,Tiruvottiyur
chennai,ward-019,19,Ward 19,Zone Manali,Madavaram
chennai,ward-020,20,Ward 20,Zone Manali,Tiruvottiyur
chennai,ward-021,21,Ward 21,Zone Manali,Tiruvottiyur
chennai,ward-022,22,Ward 22,Zone Madhavaram,Madavaram
chennai,ward-023,23,Ward 23,Zone Madhavaram,Madavaram
chennai,ward-024,24,Ward 24,Zone Madhavaram,Madavaram
chennai,ward-025,25,Ward 25,Zone Madhavaram,Madavaram
chennai,ward-026,26,Ward 26,Zone Madhavaram,Madavaram
chennai,ward-027,27,Ward 27,Zone Madhavaram,Madavaram
chennai,ward-028,28,Ward 28,Zone Madhavaram,Madavaram
chennai,ward-029,29,Ward 29,Zone Madhavaram,Tiruvottiyur
chennai,ward-030,30,Ward 30,Zone Madhavaram,Madavaram
chennai,ward-031,31,Ward 31,Zone Madhavaram,Madavaram
chennai,ward-032,32,Ward 32,Zone Madhavaram,Madavaram
chennai,ward-033,33,Ward 33,Zone Madhavaram,Madavaram
chennai,ward-034,34,Ward 34,Zone Tondiarpet,Perambur
chennai,ward-035,35,Ward 35,Zone Tondiarpet,Perambur
chennai,ward-036,36,Ward 36,Zone Tondiarpet,Perambur
chennai,ward-037,37,Ward 37,Zone Tondiarpet,Perambur
chennai,ward-038,38,Ward 38,Zone Tondiarpet,Dr. Radhakrishnan Naga
chennai,ward-039,39,Ward 39,Zone Tondiarpet,Dr. Radhakrishnan Naga
chennai,ward-040,40,Ward 40,Zone Tondiarpet,Dr. Radhakrishnan Naga
chennai,ward-041,41,Ward 41,Zone Tondiarpet,Dr. Radhakrishnan Naga
chennai,ward-042,42,Ward 42,Zone Tondiarpet,Dr. Radhakrishnan Naga
chennai,ward-043,43,Ward 43,Zone Tondiarpet,Dr. Radhakrishnan Naga
chennai,ward-044,44,Ward 44,Zone Tondiarpet,Perambur
chennai,ward-045,45,Ward 45,Zone Tondiarpet,Perambur
chennai,ward-046,46,Ward 46,Zone Tondiarpet,Perambur
chennai,ward-047,47,Ward 47,Zone Tondiarpet,Dr. Radhakrishnan Naga
chennai,ward-048,48,Ward 48,Zone Tondiarpet,Dr. Radhakrishnan Naga
chennai,ward-049,49,Ward 49,Zone Royapuram,Royapuram
chennai,ward-050,50,Ward 50,Zone Royapuram,Royapuram
chennai,ward-051,51,Ward 51,Zone Royapuram,Royapuram
chennai,ward-052,52,Ward 52,Zone Royapuram,Royapuram
chennai,ward-053,53,Ward 53,Zone Royapuram,Royapuram
chennai,ward-054,54,Ward 54,Zone Royapuram,Harbour
chennai,ward-055,55,Ward 55,Zone Royapuram,Harbour
chennai,ward-056,56,Ward 56,Zone Royapuram,Harbour
chennai,ward-057,57,Ward 57,Zone Royapuram,Harbour
chennai,ward-058,58,Ward 58,Zone Royapuram,Egmore
chennai,ward-059,59,Ward 59,Zone Royapuram,Harbour
chennai,ward-060,60,Ward 60,Zone Royapuram,Harbour
chennai,ward-061,61,Ward 61,Zone Royapuram,Egmore
chennai,ward-062,62,Ward 62,Zone Royapuram,Chepauk-Thiruvalliken
chennai,ward-063,63,Ward 63,Zone Royapuram,Chepauk-Thiruvalliken
chennai,ward-064,64,Ward 64,Zone Thiru-vi-ka-nagar,Kolathur
chennai,ward-065,65,Ward 65,Zone Thiru-vi-ka-nagar,Kolathur
chennai,ward-066,66,Ward 66,Zone Thiru-vi-ka-nagar,Kolathur
chennai,ward-067,67,Ward 67,Zone Thiru-vi-ka-nagar,Kolathur
chennai,ward-068,68,Ward 68,Zone Thiru-vi-ka-nagar,Kolathur
chennai,ward-069,69,Ward 69,Zone Thiru-vi-ka-nagar,Kolathur
chennai,ward-070,70,Ward 70,Zone Thiru-vi-ka-nagar,Thiru-Vi-Ka-Nagar
chennai,ward-071,71,Ward 71,Zone Thiru-vi-ka-nagar,Thiru-Vi-Ka-Nagar
chennai,ward-072,72,Ward 72,Zone Thiru-vi-ka-nagar,Thiru-Vi-Ka-Nagar
chennai,ward-073,73,Ward 73,Zone Thiru-vi-ka-nagar,Thiru-Vi-Ka-Nagar
chennai,ward-074,74,Ward 74,Zone Thiru-vi-ka-nagar,Thiru-Vi-Ka-Nagar
chennai,ward-075,75,Ward 75,Zone Thiru-vi-ka-nagar,Thiru-Vi-Ka-Nagar
chennai,ward-076,76,Ward 76,Zone Thiru-vi-ka-nagar,Thiru-Vi-Ka-Nagar
chennai,ward-077,77,Ward 77,Zone Thiru-vi-ka-nagar,Egmore
chennai,ward-078,78,Ward 78,Zone Thiru-vi-ka-nagar,Egmore
chennai,ward-079,79,Ward 79,Zone Ambattur,Ambattur
chennai,ward-080,80,Ward 80,Zone Ambattur,Ambattur
chennai,ward-081,81,Ward 81,Zone Ambattur,Ambattur
chennai,ward-082,82,Ward 82,Zone Ambattur,Ambattur
chennai,ward-083,83,Ward 83,Zone Ambattur,Ambattur
chennai,ward-084,84,Ward 84,Zone Ambattur,Ambattur
chennai,ward-085,85,Ward 85,Zone Ambattur,Ambattur
chennai,ward-086,86,Ward 86,Zone Ambattur,Ambattur
chennai,ward-087,87,Ward 87,Zone Ambattur,Ambattur
chennai,ward-088,88,Ward 88,Zone Ambattur,Ambattur
chennai,ward-089,89,Ward 89,Zone Ambattur,Ambattur
chennai,ward-090,90,Ward 90,Zone Ambattur,Ambattur
chennai,ward-091,91,Ward 91,Zone Ambattur,Ambattur
chennai,ward-092,92,Ward 92,Zone Ambattur,Ambattur
chennai,ward-093,93,Ward 93,Zone Ambattur,Ambattur
chennai,ward-094,94,Ward 94,Zone Annanagar,Villivakkam
chennai,ward-095,95,Ward 95,Zone Annanagar,Villivakkam
chennai,ward-096,96,Ward 96,Zone Annanagar,Villivakkam
chennai,ward-097,97,Ward 97,Zone Annanagar,Villivakkam
chennai,ward-098,98,Ward 98,Zone Annanagar,Villivakkam
chennai,ward-099,99,Ward 99,Zone Annanagar,Villivakkam
chennai,ward-100,100,Ward 100,Zone Annanagar,Anna Nagar
chennai,ward-101,101,Ward 101,Zone Annanagar,Anna Nagar
chennai,ward-102,102,Ward 102,Zone Annanagar,Anna Nagar
chennai,ward-103,103,Ward 103,Zone Annanagar,Anna Nagar
chennai,ward-104,104,Ward 104,Zone Annanagar,Anna Nagar
chennai,ward-105,105,Ward 105,Zone Annanagar,Anna Nagar
chennai,ward-106,106,Ward 106,Zone Annanagar,Anna Nagar
chennai,ward-107,107,Ward 107,Zone Annanagar,Egmore
chennai,ward-108,108,Ward 108,Zone Annanagar,Anna Nagar
chennai,ward-109,109,Ward 109,Zone Teynampet,Thousand Lights
chennai,ward-110,110,Ward 110,Zone Teynampet,Thousand Lights
chennai,ward-111,111,Ward 111,Zone Teynampet,Thousand Lights
chennai,ward-112,112,Ward 112,Zone Teynampet,Thousand Lights
chennai,ward-113,113,Ward 113,Zone Teynampet,Thousand Lights
chennai,ward-114,114,Ward 114,Zone Teynampet,Chepauk-Thiruvalliken
chennai,ward-115,115,Ward 115,Zone Teynampet,Chepauk-Thiruvalliken
chennai,ward-116,116,Ward 116,Zone Teynampet,Chepauk-Thiruvalliken
chennai,ward-117,117,Ward 117,Zone Teynampet,Thousand Lights
chennai,ward-118,118,Ward 118,Zone Teynampet,Thousand Lights
chennai,ward-119,119,Ward 119,Zone Teynampet,Chepauk-Thiruvalliken
chennai,ward-120,120,Ward 120,Zone Teynampet,Chepauk-Thiruvalliken
chennai,ward-121,121,Ward 121,Zone Teynampet,Mylapore
chennai,ward-122,122,Ward 122,Zone Teynampet,Mylapore
chennai,ward-123,123,Ward 123,Zone Teynampet,Mylapore
chennai,ward-124,124,Ward 124,Zone Teynampet,Mylapore
chennai,ward-125,125,Ward 125,Zone Teynampet,Mylapore
chennai,ward-126,126,Ward 126,Zone Teynampet,Mylapore
chennai,ward-127,127,Ward 127,Zone Kodambakkam,Virugampakkam
chennai,ward-128,128,Ward 128,Zone Kodambakkam,Virugampakkam
chennai,ward-129,129,Ward 129,Zone Kodambakkam,Virugampakkam
chennai,ward-130,130,Ward 130,Zone Kodambakkam,Thiyagarayanagar
chennai,ward-131,131,Ward 131,Zone Kodambakkam,Virugampakkam
chennai,ward-132,132,Ward 132,Zone Kodambakkam,Thiyagarayanagar
chennai,ward-133,133,Ward 133,Zone Kodambakkam,Thiyagarayanagar
chennai,ward-134,134,Ward 134,Zone Kodambakkam,Thiyagarayanagar
chennai,ward-135,135,Ward 135,Zone Kodambakkam,Thiyagarayanagar
chennai,ward-136,136,Ward 136,Zone Kodambakkam,Thiyagarayanagar
chennai,ward-137,137,Ward 137,Zone Kodambakkam,Virugampakkam
chennai,ward-138,138,Ward 138,Zone Kodambakkam,Virugampakkam
chennai,ward-139,139,Ward 139,Zone Kodambakkam,Saidapet
chennai,ward-140,140,Ward 140,Zone Kodambakkam,Saidapet
chennai,ward-141,141,Ward 141,Zone Kodambakkam,Thousand Lights
chennai,ward-142,142,Ward 142,Zone Kodambakkam,Saidapet
chennai,ward-143,143,Ward 143,Zone Valasaravakkam,Maduravoyal
chennai,ward-144,144,Ward 144,Zone Valasaravakkam,Maduravoyal
chennai,ward-145,145,Ward 145,Zone Valasaravakkam,Maduravoyal
chennai,ward-146,146,Ward 146,Zone Valasaravakkam,Maduravoyal
chennai,ward-147,147,Ward 147,Zone Valasaravakkam,Maduravoyal
chennai,ward-148,148,Ward 148,Zone Valasaravakkam,Maduravoyal
chennai,ward-149,149,Ward 149,Zone Valasaravakkam,Maduravoyal
chennai,ward-150,150,Ward 150,Zone Valasaravakkam,Maduravoyal
chennai,ward-151,151,Ward 151,Zone Valasaravakkam,Maduravoyal
chennai,ward-152,152,Ward 152,Zone Valasaravakkam,Maduravoyal
chennai,ward-153,153,Ward 153,Zone Valasaravakkam,Alandur
chennai,ward-154,154,Ward 154,Zone Valasaravakkam,Maduravoyal
chennai,ward-155,155,Ward 155,Zone Valasaravakkam,Maduravoyal
chennai,ward-156,156,Ward 156,Zone Alandur,Alandur
chennai,ward-157,157,Ward 157,Zone Alandur,Alandur
chennai,ward-158,158,Ward 158,Zone Alandur,Alandur
chennai,ward-159,159,Ward 159,Zone Alandur,Alandur
chennai,ward-160,160,Ward 160,Zone Alandur,Alandur
chennai,ward-161,161,Ward 161,Zone Alandur,Alandur
chennai,ward-162,162,Ward 162,Zone Alandur,Alandur
chennai,ward-163,163,Ward 163,Zone Alandur,Alandur
chennai,ward-164,164,Ward 164,Zone Alandur,Alandur
chennai,ward-165,165,Ward 165,Zone Alandur,Alandur
chennai,ward-166,166,Ward 166,Zone Alandur,Alandur
chennai,ward-167,167,Ward 167,Zone Alandur,Alandur
chennai,ward-168,168,Ward 168,Zone Perungudi,Alandur
chennai,ward-169,169,Ward 169,Zone Perungudi,Shozhinganallur
chennai,ward-170,170,Ward 170,Zone Adyar,Saidapet
chennai,ward-171,171,Ward 171,Zone Adyar,Saidapet
chennai,ward-172,172,Ward 172,Zone Adyar,Saidapet
chennai,ward-173,173,Ward 173,Zone Adyar,Mylapore
chennai,ward-174,174,Ward 174,Zone Adyar,Saidapet
chennai,ward-175,175,Ward 175,Zone Adyar,Velachery
chennai,ward-176,176,Ward 176,Zone Adyar,Velachery
chennai,ward-177,177,Ward 177,Zone Adyar,Velachery
chennai,ward-178,178,Ward 178,Zone Adyar,Velachery
chennai,ward-179,179,Ward 179,Zone Adyar,Velachery
chennai,ward-180,180,Ward 180,Zone Adyar,Velachery
chennai,ward-181,181,Ward 181,Zone Adyar,Velachery
chennai,ward-182,182,Ward 182,Zone Adyar,Velachery
chennai,ward-183,183,Ward 183,Zone Perungudi,Shozhinganallur
chennai,ward-184,184,Ward 184,Zone Perungudi,Shozhinganallur
chennai,ward-185,185,Ward 185,Zone Perungudi,Shozhinganallur
chennai,ward-186,186,Ward 186,Zone Perungudi,Shozhinganallur
chennai,ward-187,187,Ward 187,Zone Perungudi,Shozhinganallur
chennai,ward-188,188,Ward 188,Zone Perungudi,Shozhinganallur
chennai,ward-189,189,Ward 189,Zone Perungudi,Shozhinganallur
chennai,ward-190,190,Ward 190,Zone Perungudi,Shozhinganallur
chennai,ward-191,191,Ward 191,Zone Perungudi,Shozhinganallur
chennai,ward-192,192,Ward 192,Zone Sozhinganallur,Shozhinganallur
chennai,ward-193,193,Ward 193,Zone Sozhinganallur,Shozhinganallur
chennai,ward-194,194,Ward 194,Zone Sozhinganallur,Shozhinganallur
chennai,ward-195,195,Ward 195,Zone Sozhinganallur,Shozhinganallur
chennai,ward-196,196,Ward 196,Zone Sozhinganallur,Shozhinganallur
chennai,ward-197,197,Ward 197,Zone Sozhinganallur,Shozhinganallur
chennai,ward-198,198,Ward 198,Zone Sozhinganallur,Shozhinganallur
chennai,ward-199,199,Ward 199,Zone Sozhinganallur,Shozhinganallur
chennai,ward-200,200,Ward 200,Zone Sozhinganallur,Shozhinganallur
