city_id,ward_id,ward_number,ward_name,zone_name,locality_name,place_type,osm_type,osm_id,lat,lng,source_name,source_url,is_verified,notes
chennai,ward-001,1,Ward 1,Zone Thiruvottiyur,CMWSSB Division 1,neighbourhood,way,964273551,13.2265373,80.3236635,OpenStreetMap Overpass,https://www.openstreetmap.org/way/964273551,false,
chennai,ward-001,1,Ward 1,Zone Thiruvottiyur,Ennore,suburb,node,309346480,13.2258262,80.3243551,OpenStreetMap Overpass,https://www.openstreetmap.org/node/309346480,false,
chennai,ward-001,1,Ward 1,Zone Thiruvottiyur,Thazhankuppam,village,node,309346481,13.2271357,80.3281547,OpenStreetMap Overpass,https://www.openstreetmap.org/node/309346481,false,
chennai,ward-002,2,Ward 2,Zone Thiruvottiyur,CMWSSB Division 2,neighbourhood,way,964273550,13.2156430,80.3174425,OpenStreetMap Overpass,https://www.openstreetmap.org/way/964273550,false,
chennai,ward-002,2,Ward 2,Zone Thiruvottiyur,Kathivakkam,suburb,node,309346479,13.2141807,80.3187499,OpenStreetMap Overpass,https://www.openstreetmap.org/node/309346479,false,
chennai,ward-002,2,Ward 2,Zone Thiruvottiyur,Nehru Nagar,neighbourhood,node,373077161,13.2159326,80.3187286,OpenStreetMap Overpass,https://www.openstreetmap.org/node/373077161,false,
chennai,ward-003,3,Ward 3,Zone Thiruvottiyur,All India Radio Housing Board,neighbourhood,node,9853561285,13.1872085,80.3123029,OpenStreetMap Overpass,https://www.openstreetmap.org/node/9853561285,false,
chennai,ward-003,3,Ward 3,Zone Thiruvottiyur,CMWSSB Division 3,neighbourhood,way,964273549,13.1969690,80.3130165,OpenStreetMap Overpass,https://www.openstreetmap.org/way/964273549,false,
chennai,ward-003,3,Ward 3,Zone Thiruvottiyur,Ernavur,suburb,node,281997418,13.1893545,80.3111383,OpenStreetMap Overpass,https://www.openstreetmap.org/node/281997418,false,
chennai,ward-003,3,Ward 3,Zone Thiruvottiyur,Sivakami Nagar,neighbourhood,node,12458053019,13.1976526,80.3172985,OpenStreetMap Overpass,https://www.openstreetmap.org/node/12458053019,false,
chennai,ward-004,4,Ward 4,Zone Thiruvottiyur,CMWSSB Division 4,neighbourhood,way,964273548,13.1855380,80.3044840,OpenStreetMap Overpass,https://www.openstreetmap.org/way/964273548,false,
chennai,ward-005,5,Ward 5,Zone Thiruvottiyur,Bharathiyar Nagar,neighbourhood,node,9853561284,13.1858089,80.3155515,OpenStreetMap Overpass,https://www.openstreetmap.org/node/9853561284,false,
chennai,ward-005,5,Ward 5,Zone Thiruvottiyur,CMWSSB Division 5,neighbourhood,way,964273547,13.1784415,80.3099110,OpenStreetMap Overpass,https://www.openstreetmap.org/way/964273547,false,
chennai,ward-006,6,Ward 6,Zone Thiruvottiyur,CMWSSB Division 6,neighbourhood,way,964273546,13.1783260,80.2949835,OpenStreetMap Overpass,https://www.openstreetmap.org/way/964273546,false,
chennai,ward-006,6,Ward 6,Zone Thiruvottiyur,Kargil Nagar,suburb,node,12916928116,13.1730186,80.2922411,OpenStreetMap Overpass,https://www.openstreetmap.org/node/12916928116,false,
chennai,ward-007,7,Ward 7,Zone Thiruvottiyur,CMWSSB Division 7,neighbourhood,way,964273545,13.1582955,80.2833100,OpenStreetMap Overpass,https://www.openstreetmap.org/way/964273545,false,
chennai,ward-008,8,Ward 8,Zone Thiruvottiyur,CMWSSB Division 8,neighbourhood,way,964273544,13.1663820,80.3066870,OpenStreetMap Overpass,https://www.openstreetmap.org/way/964273544,false,
chennai,ward-009,9,Ward 9,Zone Thiruvottiyur,CMWSSB Division 9,neighbourhood,way,964273543,13.1628770,80.3061830,OpenStreetMap Overpass,https://www.openstreetmap.org/way/964273543,false,
chennai,ward-010,10,Ward 10,Zone Thiruvottiyur,CMWSSB Division 10,neighbourhood,way,964273542,13.1631860,80.2995095,OpenStreetMap Overpass,https://www.openstreetmap.org/way/964273542,false,
chennai,ward-011,11,Ward 11,Zone Thiruvottiyur,CMWSSB Division 11,neighbourhood,way,964273541,13.1548385,80.3026645,OpenStreetMap Overpass,https://www.openstreetmap.org/way/964273541,false,
chennai,ward-011,11,Ward 11,Zone Thiruvottiyur,Tiruvottiyur,suburb,node,393784007,13.1563873,80.3005279,OpenStreetMap Overpass,https://www.openstreetmap.org/node/393784007,false,
chennai,ward-012,12,Ward 12,Zone Thiruvottiyur,CMWSSB Division 12,neighbourhood,way,964273540,13.1513585,80.2966580,OpenStreetMap Overpass,https://www.openstreetmap.org/way/964273540,false,
chennai,ward-012,12,Ward 12,Zone Thiruvottiyur,Kaladipet,neighbourhood,node,8430636724,13.1515971,80.2987772,OpenStreetMap Overpass,https://www.openstreetmap.org/node/8430636724,false,
chennai,ward-013,13,Ward 13,Zone Thiruvottiyur,CMWSSB Division 13,neighbourhood,way,964273539,13.1478025,80.2937815,OpenStreetMap Overpass,https://www.openstreetmap.org/way/964273539,false,
chennai,ward-014,14,Ward 14,Zone Thiruvottiyur,CMWSSB Division 14,neighbourhood,way,964273538,13.1472615,80.3011915,OpenStreetMap Overpass,https://www.openstreetmap.org/way/964273538,false,
chennai,ward-015,15,Ward 15,Zone Manali,Chinna Echankuzhi,village,node,321655425,13.2230574,80.2721457,OpenStreetMap Overpass,https://www.openstreetmap.org/node/321655425,false,
chennai,ward-015,15,Ward 15,Zone Manali,CMWSSB Division 15,neighbourhood,way,964273537,13.2126640,80.2899560,OpenStreetMap Overpass,https://www.openstreetmap.org/way/964273537,false,
chennai,ward-015,15,Ward 15,Zone Manali,Edayanchavadi,suburb,node,1446805942,13.2169796,80.2850172,OpenStreetMap Overpass,https://www.openstreetmap.org/node/1446805942,false,
chennai,ward-015,15,Ward 15,Zone Manali,Nappalayam,village,node,321656053,13.2200327,80.2723775,OpenStreetMap Overpass,https://www.openstreetmap.org/node/321656053,false,
chennai,ward-016,16,Ward 16,Zone Manali,CMWSSB Division 16,neighbourhood,way,964273536,13.1933320,80.2770105,OpenStreetMap Overpass,https://www.openstreetmap.org/way/964273536,false,
chennai,ward-016,16,Ward 16,Zone Manali,Dwaraka Nagar,suburb,node,1184470607,13.1941304,80.2742752,OpenStreetMap Overpass,https://www.openstreetmap.org/node/1184470607,false,
chennai,ward-016,16,Ward 16,Zone Manali,Kadapakkam,suburb,node,1446805943,13.1984914,80.2652515,OpenStreetMap Overpass,https://www.openstreetmap.org/node/1446805943,false,
chennai,ward-016,16,Ward 16,Zone Manali,Kanniyampettai,village,node,403077502,13.1927082,80.2556997,OpenStreetMap Overpass,https://www.openstreetmap.org/node/403077502,false,
chennai,ward-016,16,Ward 16,Zone Manali,Saidayankuppam,suburb,node,339983986,13.1854785,80.2924308,OpenStreetMap Overpass,https://www.openstreetmap.org/node/339983986,false,
chennai,ward-017,17,Ward 17,Zone Manali,Ariyalur,village,node,403065034,13.1918717,80.2507423,OpenStreetMap Overpass,https://www.openstreetmap.org/node/403065034,false,
chennai,ward-017,17,Ward 17,Zone Manali,Chettimedu,hamlet,node,321663416,13.1833898,80.2288097,OpenStreetMap Overpass,https://www.openstreetmap.org/node/321663416,false,
chennai,ward-017,17,Ward 17,Zone Manali,CMWSSB Division 17,neighbourhood,way,964273535,13.1840680,80.2318400,OpenStreetMap Overpass,https://www.openstreetmap.org/way/964273535,false,
chennai,ward-017,17,Ward 17,Zone Manali,Kosappur,village,node,321663368,13.1818301,80.2350982,OpenStreetMap Overpass,https://www.openstreetmap.org/node/321663368,false,
chennai,ward-017,17,Ward 17,Zone Manali,Theyampakkam,hamlet,node,403065037,13.1950584,80.2322598,OpenStreetMap Overpass,https://www.openstreetmap.org/node/403065037,false,
chennai,ward-017,17,Ward 17,Zone Manali,Vadaperumbakkam,village,node,1449920417,13.1757143,80.2187732,OpenStreetMap Overpass,https://www.openstreetmap.org/node/1449920417,false,
chennai,ward-018,18,Ward 18,Zone Manali,CMWSSB Division 18,neighbourhood,way,964273534,13.1788775,80.2679275,OpenStreetMap Overpass,https://www.openstreetmap.org/way/964273534,false,
chennai,ward-019,19,Ward 19,Zone Manali,CMWSSB Division 19,neighbourhood,way,964273533,13.1729940,80.2394290,OpenStreetMap Overpass,https://www.openstreetmap.org/way/964273533,false,
chennai,ward-019,19,Ward 19,Zone Manali,Mathur,suburb,node,978213164,13.1678641,80.2436918,OpenStreetMap Overpass,https://www.openstreetmap.org/node/978213164,false,
chennai,ward-020,20,Ward 20,Zone Manali,CMWSSB Division 20,neighbourhood,way,964273532,13.1690925,80.2545540,OpenStreetMap Overpass,https://www.openstreetmap.org/way/964273532,false,
chennai,ward-021,21,Ward 21,Zone Manali,CMWSSB Division 21,neighbourhood,way,964273531,13.1672350,80.2701460,OpenStreetMap Overpass,https://www.openstreetmap.org/way/964273531,false,
chennai,ward-021,21,Ward 21,Zone Manali,Manali,suburb,node,282003688,13.1672275,80.2598107,OpenStreetMap Overpass,https://www.openstreetmap.org/node/282003688,false,
chennai,ward-022,22,Ward 22,Zone Madhavaram,CMWSSB Division 22,neighbourhood,way,964273530,13.1694255,80.2083550,OpenStreetMap Overpass,https://www.openstreetmap.org/way/964273530,false,
chennai,ward-023,23,Ward 23,Zone Madhavaram,CMWSSB Division 23,neighbourhood,way,964273529,13.1590815,80.2089320,OpenStreetMap Overpass,https://www.openstreetmap.org/way/964273529,false,
chennai,ward-023,23,Ward 23,Zone Madhavaram,Puzhal,suburb,node,417915587,13.1636492,80.2038067,OpenStreetMap Overpass,https://www.openstreetmap.org/node/417915587,false,
chennai,ward-024,24,Ward 24,Zone Madhavaram,CMWSSB Division 24,neighbourhood,way,964273528,13.1415540,80.1905475,OpenStreetMap Overpass,https://www.openstreetmap.org/way/964273528,false,
chennai,ward-024,24,Ward 24,Zone Madhavaram,Puthagaram,suburb,node,1446805947,13.1346231,80.1978478,OpenStreetMap Overpass,https://www.openstreetmap.org/node/1446805947,false,
chennai,ward-024,24,Ward 24,Zone Madhavaram,Surapattu,suburb,node,1446805948,13.1446934,80.1850249,OpenStreetMap Overpass,https://www.openstreetmap.org/node/1446805948,false,
chennai,ward-025,25,Ward 25,Zone Madhavaram,CMWSSB Division 25,neighbourhood,way,964273527,13.1501500,80.2057505,OpenStreetMap Overpass,https://www.openstreetmap.org/way/964273527,false,
chennai,ward-025,25,Ward 25,Zone Madhavaram,Kathirvedu,suburb,node,1446805945,13.1487214,80.2035560,OpenStreetMap Overpass,https://www.openstreetmap.org/node/1446805945,false,
chennai,ward-026,26,Ward 26,Zone Madhavaram,CMWSSB Division 26,neighbourhood,way,964273526,13.1453180,80.2175995,OpenStreetMap Overpass,https://www.openstreetmap.org/way/964273526,false,
chennai,ward-027,27,Ward 27,Zone Madhavaram,CMWSSB Division 27,neighbourhood,way,964273525,13.1583285,80.2349370,OpenStreetMap Overpass,https://www.openstreetmap.org/way/964273525,false,
chennai,ward-028,28,Ward 28,Zone Madhavaram,CMWSSB Division 28,neighbourhood,way,964273524,13.1562800,80.2487285,OpenStreetMap Overpass,https://www.openstreetmap.org/way/964273524,false,
chennai,ward-028,28,Ward 28,Zone Madhavaram,Madhavaram Milk Colony,suburb,node,321661370,13.1554081,80.2425246,OpenStreetMap Overpass,https://www.openstreetmap.org/node/321661370,false,
chennai,ward-029,29,Ward 29,Zone Madhavaram,CMWSSB Division 29,neighbourhood,way,964273523,13.1546475,80.2619150,OpenStreetMap Overpass,https://www.openstreetmap.org/way/964273523,false,
chennai,ward-030,30,Ward 30,Zone Madhavaram,CMWSSB Division 30,neighbourhood,way,964273522,13.1467355,80.2353355,OpenStreetMap Overpass,https://www.openstreetmap.org/way/964273522,false,
chennai,ward-031,31,Ward 31,Zone Madhavaram,CMWSSB Division 31,neighbourhood,way,964273521,13.1381500,80.2332855,OpenStreetMap Overpass,https://www.openstreetmap.org/way/964273521,false,
chennai,ward-031,31,Ward 31,Zone Madhavaram,Madhavaram,suburb,node,321661517,13.1429313,80.2325166,OpenStreetMap Overpass,https://www.openstreetmap.org/node/321661517,false,
chennai,ward-032,32,Ward 32,Zone Madhavaram,CMWSSB Division 32,neighbourhood,way,964273520,13.1323855,80.2073985,OpenStreetMap Overpass,https://www.openstreetmap.org/way/964273520,false,
chennai,ward-033,33,Ward 33,Zone Madhavaram,CMWSSB Division 33,neighbourhood,way,964273519,13.1321305,80.2314360,OpenStreetMap Overpass,https://www.openstreetmap.org/way/964273519,false,
chennai,ward-034,34,Ward 34,Zone Tondiarpet,Chinna Kodungaiyur,suburb,node,290235046,13.1438219,80.2501492,OpenStreetMap Overpass,https://www.openstreetmap.org/node/290235046,false,
chennai,ward-034,34,Ward 34,Zone Tondiarpet,CMWSSB Division 34,neighbourhood,way,964273518,13.1388565,80.2497350,OpenStreetMap Overpass,https://www.openstreetmap.org/way/964273518,false,
chennai,ward-035,35,Ward 35,Zone Tondiarpet,CMWSSB Division 35,neighbourhood,way,964273517,13.1302080,80.2501760,OpenStreetMap Overpass,https://www.openstreetmap.org/way/964273517,false,
chennai,ward-035,35,Ward 35,Zone Tondiarpet,Kodungaiyur,suburb,node,282003246,13.1327533,80.2444773,OpenStreetMap Overpass,https://www.openstreetmap.org/node/282003246,false,
chennai,ward-036,36,Ward 36,Zone Tondiarpet,CMWSSB Division 36,neighbourhood,way,964273516,13.1240000,80.2539295,OpenStreetMap Overpass,https://www.openstreetmap.org/way/964273516,false,
chennai,ward-037,37,Ward 37,Zone Tondiarpet,CMWSSB Division 37,neighbourhood,way,964273515,13.1319530,80.2683100,OpenStreetMap Overpass,https://www.openstreetmap.org/way/964273515,false,
chennai,ward-038,38,Ward 38,Zone Tondiarpet,CMWSSB Division 38,neighbourhood,way,964273514,13.1330631,80.2816885,OpenStreetMap Overpass,https://www.openstreetmap.org/way/964273514,false,
chennai,ward-038,38,Ward 38,Zone Tondiarpet,CMWSSB Division 42,neighbourhood,way,964273510,13.1295114,80.2846044,OpenStreetMap Overpass,https://www.openstreetmap.org/way/964273510,false,
chennai,ward-039,39,Ward 39,Zone Tondiarpet,Cherian Nagar,neighbourhood,node,289968698,13.1384150,80.2971562,OpenStreetMap Overpass,https://www.openstreetmap.org/node/289968698,false,
chennai,ward-039,39,Ward 39,Zone Tondiarpet,CMWSSB Division 39,neighbourhood,way,964273513,13.1384795,80.2936755,OpenStreetMap Overpass,https://www.openstreetmap.org/way/964273513,false,
chennai,ward-039,39,Ward 39,Zone Tondiarpet,Tollgate,neighbourhood,node,289687358,13.1429527,80.2955738,OpenStreetMap Overpass,https://www.openstreetmap.org/node/289687358,false,
chennai,ward-040,40,Ward 40,Zone Tondiarpet,CMWSSB Division 40,neighbourhood,way,964273512,13.1363065,80.2895670,OpenStreetMap Overpass,https://www.openstreetmap.org/way/964273512,false,
chennai,ward-040,40,Ward 40,Zone Tondiarpet,New Washermanpet,suburb,node,289741266,13.1338663,80.2903592,OpenStreetMap Overpass,https://www.openstreetmap.org/node/289741266,false,
chennai,ward-040,40,Ward 40,Zone Tondiarpet,Tondiarpet,suburb,node,282001734,13.1277669,80.2895845,OpenStreetMap Overpass,https://www.openstreetmap.org/node/282001734,false,
chennai,ward-041,41,Ward 41,Zone Tondiarpet,CMWSSB Division 41,neighbourhood,way,964273511,13.1248060,80.2757140,OpenStreetMap Overpass,https://www.openstreetmap.org/way/964273511,false,
chennai,ward-042,42,Ward 42,Zone Tondiarpet,Korukkupet,suburb,node,289741260,13.1215344,80.2837912,OpenStreetMap Overpass,https://www.openstreetmap.org/node/289741260,false,
chennai,ward-044,44,Ward 44,Zone Tondiarpet,CMWSSB Division 44,neighbourhood,way,964273508,13.1176290,80.2483065,OpenStreetMap Overpass,https://www.openstreetmap.org/way/964273508,false,
chennai,ward-045,45,Ward 45,Zone Tondiarpet,CMWSSB Division 45,neighbourhood,way,964273507,13.1137725,80.2585480,OpenStreetMap Overpass,https://www.openstreetmap.org/way/964273507,false,
chennai,ward-045,45,Ward 45,Zone Tondiarpet,Thiru Vi Ka Nagar,suburb,node,9342784603,13.1103367,80.2633882,OpenStreetMap Overpass,https://www.openstreetmap.org/node/9342784603,false,
chennai,ward-045,45,Ward 45,Zone Tondiarpet,Vyasarpadi,suburb,node,254151455,13.1169726,80.2571242,OpenStreetMap Overpass,https://www.openstreetmap.org/node/254151455,false,
chennai,ward-046,46,Ward 46,Zone Tondiarpet,Basin Bridge,suburb,node,254151476,13.1080471,80.2699078,OpenStreetMap Overpass,https://www.openstreetmap.org/node/254151476,false,
chennai,ward-046,46,Ward 46,Zone Tondiarpet,CMWSSB Division 46,neighbourhood,way,964273506,13.1123500,80.2667625,OpenStreetMap Overpass,https://www.openstreetmap.org/way/964273506,false,
chennai,ward-047,47,Ward 47,Zone Tondiarpet,CMWSSB Division 47,neighbourhood,way,964273505,13.1154775,80.2753016,OpenStreetMap Overpass,https://www.openstreetmap.org/way/964273505,false,
chennai,ward-048,48,Ward 48,Zone Tondiarpet,CMWSSB Division 48,neighbourhood,way,964273504,13.1172402,80.2822300,OpenStreetMap Overpass,https://www.openstreetmap.org/way/964273504,false,
chennai,ward-048,48,Ward 48,Zone Tondiarpet,CMWSSB Division 51,neighbourhood,way,964273501,13.1127785,80.2848675,OpenStreetMap Overpass,https://www.openstreetmap.org/way/964273501,false,
chennai,ward-048,48,Ward 48,Zone Tondiarpet,Washermanpet,suburb,node,254151481,13.1136296,80.2814813,OpenStreetMap Overpass,https://www.openstreetmap.org/node/254151481,false,
chennai,ward-049,49,Ward 49,Zone Royapuram,CMWSSB Division 49,neighbourhood,way,964273503,13.1177802,80.2892557,OpenStreetMap Overpass,https://www.openstreetmap.org/way/964273503,false,
chennai,ward-049,49,Ward 49,Zone Royapuram,Grace Garden,neighbourhood,node,289741257,13.1180900,80.2914726,OpenStreetMap Overpass,https://www.openstreetmap.org/node/289741257,false,
chennai,ward-049,49,Ward 49,Zone Royapuram,Old Washermanpet,neighbourhood,node,289513621,13.1122762,80.2893812,OpenStreetMap Overpass,https://www.openstreetmap.org/node/289513621,false,
chennai,ward-050,50,Ward 50,Zone Royapuram,CMWSSB Division 50,neighbourhood,way,964273502,13.1129925,80.2966120,OpenStreetMap Overpass,https://www.openstreetmap.org/way/964273502,false,
chennai,ward-050,50,Ward 50,Zone Royapuram,Royapuram,suburb,node,254150705,13.1146195,80.2940279,OpenStreetMap Overpass,https://www.openstreetmap.org/node/254150705,false,
chennai,ward-052,52,Ward 52,Zone Royapuram,CMWSSB Division 52,neighbourhood,way,964273500,13.1071940,80.2891595,OpenStreetMap Overpass,https://www.openstreetmap.org/way/964273500,false,
chennai,ward-053,53,Ward 53,Zone Royapuram,CMWSSB Division 53,neighbourhood,way,964273499,13.1062775,80.2760230,OpenStreetMap Overpass,https://www.openstreetmap.org/way/964273499,false,
chennai,ward-053,53,Ward 53,Zone Royapuram,Moolakothalam,neighbourhood,node,10115681335,13.1067345,80.2764807,OpenStreetMap Overpass,https://www.openstreetmap.org/node/10115681335,false,
chennai,ward-053,53,Ward 53,Zone Royapuram,Stanley Nagar,neighbourhood,node,11144189642,13.1092682,80.2721885,OpenStreetMap Overpass,https://www.openstreetmap.org/node/11144189642,false,
chennai,ward-054,54,Ward 54,Zone Royapuram,CMWSSB Division 54,neighbourhood,way,964273498,13.0999435,80.2768725,OpenStreetMap Overpass,https://www.openstreetmap.org/way/964273498,false,
chennai,ward-054,54,Ward 54,Zone Royapuram,Vallalar Nagar,suburb,node,248560791,13.1019255,80.2787773,OpenStreetMap Overpass,https://www.openstreetmap.org/node/248560791,false,
chennai,ward-055,55,Ward 55,Zone Royapuram,CMWSSB Division 55,neighbourhood,way,964273497,13.0998375,80.2831185,OpenStreetMap Overpass,https://www.openstreetmap.org/way/964273497,false,
chennai,ward-056,56,Ward 56,Zone Royapuram,CMWSSB Division 56,neighbourhood,way,964273496,13.1006452,80.2872110,OpenStreetMap Overpass,https://www.openstreetmap.org/way/964273496,false,
chennai,ward-057,57,Ward 57,Zone Royapuram,CMWSSB Division 57,neighbourhood,way,964273495,13.0926180,80.2797030,OpenStreetMap Overpass,https://www.openstreetmap.org/way/964273495,false,
chennai,ward-057,57,Ward 57,Zone Royapuram,Flower Bazaar,neighbourhood,node,258891097,13.0893440,80.2819705,OpenStreetMap Overpass,https://www.openstreetmap.org/node/258891097,false,
chennai,ward-057,57,Ward 57,Zone Royapuram,George Town,suburb,node,254122040,13.0920917,80.2822426,OpenStreetMap Overpass,https://www.openstreetmap.org/node/254122040,false,
chennai,ward-058,58,Ward 58,Zone Royapuram,CMWSSB Division 58,neighbourhood,way,964273494,13.0843165,80.2645535,OpenStreetMap Overpass,https://www.openstreetmap.org/way/964273494,false,
chennai,ward-058,58,Ward 58,Zone Royapuram,CMWSSB Division 78,neighbourhood,way,964273474,13.0901930,80.2616475,OpenStreetMap Overpass,https://www.openstreetmap.org/way/964273474,false,
chennai,ward-058,58,Ward 58,Zone Royapuram,Doveton,neighbourhood,node,333218841,13.0873218,80.2580790,OpenStreetMap Overpass,https://www.openstreetmap.org/node/333218841,false,
chennai,ward-058,58,Ward 58,Zone Royapuram,Mahaveer Colony,neighbourhood,node,355982191,13.0829169,80.2615578,OpenStreetMap Overpass,https://www.openstreetmap.org/node/355982191,false,
chennai,ward-058,58,Ward 58,Zone Royapuram,Park Town,suburb,node,254150702,13.0863491,80.2727321,OpenStreetMap Overpass,https://www.openstreetmap.org/node/254150702,false,
chennai,ward-058,58,Ward 58,Zone Royapuram,Periamet,neighbourhood,node,311286870,13.0844145,80.2692766,OpenStreetMap Overpass,https://www.openstreetmap.org/node/311286870,false,
chennai,ward-058,58,Ward 58,Zone Royapuram,Vepery,suburb,node,290352312,13.0842952,80.2622738,OpenStreetMap Overpass,https://www.openstreetmap.org/node/290352312,false,
chennai,ward-059,59,Ward 59,Zone Royapuram,CMWSSB Division 59,neighbourhood,way,964273493,13.0776925,80.2778575,OpenStreetMap Overpass,https://www.openstreetmap.org/way/964273493,false,
chennai,ward-059,59,Ward 59,Zone Royapuram,Evening Bazaar,neighbourhood,node,303284338,13.0849322,80.2787202,OpenStreetMap Overpass,https://www.openstreetmap.org/node/303284338,false,
chennai,ward-059,59,Ward 59,Zone Royapuram,Government Estate,neighbourhood,node,11039921594,13.0673606,80.2767992,OpenStreetMap Overpass,https://www.openstreetmap.org/node/11039921594,false,
chennai,ward-059,59,Ward 59,Zone Royapuram,Sowcarpet,neighbourhood,node,248560768,13.0884967,80.2783092,OpenStreetMap Overpass,https://www.openstreetmap.org/node/248560768,false,
chennai,ward-060,60,Ward 60,Zone Royapuram,CMWSSB Division 60,neighbourhood,way,964273492,13.0844130,80.2891490,OpenStreetMap Overpass,https://www.openstreetmap.org/way/964273492,false,
chennai,ward-060,60,Ward 60,Zone Royapuram,Island Grounds,suburb,node,247689931,13.0742005,80.2793622,OpenStreetMap Overpass,https://www.openstreetmap.org/node/247689931,false,
chennai,ward-061,61,Ward 61,Zone Royapuram,CMWSSB Division 61,neighbourhood,way,964273491,13.0709780,80.2582985,OpenStreetMap Overpass,https://www.openstreetmap.org/way/964273491,false,
chennai,ward-061,61,Ward 61,Zone Royapuram,Egmore,suburb,node,247689846,13.0728321,80.2576906,OpenStreetMap Overpass,https://www.openstreetmap.org/node/247689846,false,
chennai,ward-062,62,Ward 62,Zone Royapuram,Chintadripet,suburb,node,319176353,13.0761258,80.2707810,OpenStreetMap Overpass,https://www.openstreetmap.org/node/319176353,false,
chennai,ward-062,62,Ward 62,Zone Royapuram,CMWSSB Division 62,neighbourhood,relation,15260010,13.0744500,80.2702430,OpenStreetMap Overpass,https://www.openstreetmap.org/relation/15260010,false,
chennai,ward-063,63,Ward 63,Zone Royapuram,CMWSSB Division 63,neighbourhood,relation,15260009,13.0673480,80.2661115,OpenStreetMap Overpass,https://www.openstreetmap.org/relation/15260009,false,
chennai,ward-063,63,Ward 63,Zone Royapuram,Pudupet,neighbourhood,node,247689838,13.0712018,80.2669603,OpenStreetMap Overpass,https://www.openstreetmap.org/node/247689838,false,
chennai,ward-064,64,Ward 64,Zone Thiru-vi-ka-nagar,CMWSSB Division 64,neighbourhood,way,964273488,13.1238360,80.2159200,OpenStreetMap Overpass,https://www.openstreetmap.org/way/964273488,false,
chennai,ward-064,64,Ward 64,Zone Thiru-vi-ka-nagar,CMWSSB Division 65,neighbourhood,way,964273487,13.1203400,80.2107520,OpenStreetMap Overpass,https://www.openstreetmap.org/way/964273487,false,
chennai,ward-065,65,Ward 65,Zone Thiru-vi-ka-nagar,Kolathur,suburb,node,402342603,13.1241127,80.2046276,OpenStreetMap Overpass,https://www.openstreetmap.org/node/402342603,false,
chennai,ward-065,65,Ward 65,Zone Thiru-vi-ka-nagar,Villivakkam,suburb,node,248559761,13.1125875,80.2081378,OpenStreetMap Overpass,https://www.openstreetmap.org/node/248559761,false,
chennai,ward-066,66,Ward 66,Zone Thiru-vi-ka-nagar,CMWSSB Division 66,neighbourhood,way,964273486,13.1184800,80.2261570,OpenStreetMap Overpass,https://www.openstreetmap.org/way/964273486,false,
chennai,ward-066,66,Ward 66,Zone Thiru-vi-ka-nagar,CMWSSB Division 67,neighbourhood,way,964273485,13.1121700,80.2258080,OpenStreetMap Overpass,https://www.openstreetmap.org/way/964273485,false,
chennai,ward-066,66,Ward 66,Zone Thiru-vi-ka-nagar,Periyar Nagar,suburb,node,293712223,13.1151671,80.2236660,OpenStreetMap Overpass,https://www.openstreetmap.org/node/293712223,false,
chennai,ward-068,68,Ward 68,Zone Thiru-vi-ka-nagar,CMWSSB Division 68,neighbourhood,way,964273484,13.1194005,80.2371625,OpenStreetMap Overpass,https://www.openstreetmap.org/way/964273484,false,
chennai,ward-069,69,Ward 69,Zone Thiru-vi-ka-nagar,CMWSSB Division 69,neighbourhood,way,964273483,13.1125765,80.2408530,OpenStreetMap Overpass,https://www.openstreetmap.org/way/964273483,false,
chennai,ward-070,70,Ward 70,Zone Thiru-vi-ka-nagar,CMWSSB Division 70,neighbourhood,way,964273482,13.1089740,80.2514975,OpenStreetMap Overpass,https://www.openstreetmap.org/way/964273482,false,
chennai,ward-070,70,Ward 70,Zone Thiru-vi-ka-nagar,Perambur,suburb,node,248560758,13.1121242,80.2450220,OpenStreetMap Overpass,https://www.openstreetmap.org/node/248560758,false,
chennai,ward-071,71,Ward 71,Zone Thiru-vi-ka-nagar,CMWSSB Division 71,neighbourhood,way,964273480,13.1027565,80.2473735,OpenStreetMap Overpass,https://www.openstreetmap.org/way/964273480,false,
chennai,ward-072,72,Ward 72,Zone Thiru-vi-ka-nagar,CMWSSB Division 72,neighbourhood,way,964273481,13.1031710,80.2667420,OpenStreetMap Overpass,https://www.openstreetmap.org/way/964273481,false,
chennai,ward-072,72,Ward 72,Zone Thiru-vi-ka-nagar,Narasimha Nagar,neighbourhood,node,610889131,13.1047765,80.2661886,OpenStreetMap Overpass,https://www.openstreetmap.org/node/610889131,false,
chennai,ward-072,72,Ward 72,Zone Thiru-vi-ka-nagar,Pulianthope,suburb,node,311286657,13.1003849,80.2683122,OpenStreetMap Overpass,https://www.openstreetmap.org/node/311286657,false,
chennai,ward-073,73,Ward 73,Zone Thiru-vi-ka-nagar,CMWSSB Division 73,neighbourhood,way,964273479,13.1012480,80.2595955,OpenStreetMap Overpass,https://www.openstreetmap.org/way/964273479,false,
chennai,ward-074,74,Ward 74,Zone Thiru-vi-ka-nagar,CMWSSB Division 74,neighbourhood,way,964273478,13.0923660,80.2458635,OpenStreetMap Overpass,https://www.openstreetmap.org/way/964273478,false,
chennai,ward-074,74,Ward 74,Zone Thiru-vi-ka-nagar,Otteri,suburb,node,344492756,13.0969576,80.2487215,OpenStreetMap Overpass,https://www.openstreetmap.org/node/344492756,false,
chennai,ward-074,74,Ward 74,Zone Thiru-vi-ka-nagar,Secretariat Colony,neighbourhood,node,618743795,13.0894501,80.2428196,OpenStreetMap Overpass,https://www.openstreetmap.org/node/618743795,false,
chennai,ward-075,75,Ward 75,Zone Thiru-vi-ka-nagar,CMWSSB Division 75,neighbourhood,way,964273477,13.0945305,80.2518585,OpenStreetMap Overpass,https://www.openstreetmap.org/way/964273477,false,
chennai,ward-076,76,Ward 76,Zone Thiru-vi-ka-nagar,CMWSSB Division 76,neighbourhood,way,964273476,13.0966005,80.2583185,OpenStreetMap Overpass,https://www.openstreetmap.org/way/964273476,false,
chennai,ward-077,77,Ward 77,Zone Thiru-vi-ka-nagar,CMWSSB Division 77,neighbourhood,way,964273475,13.0952900,80.2674805,OpenStreetMap Overpass,https://www.openstreetmap.org/way/964273475,false,
chennai,ward-078,78,Ward 78,Zone Thiru-vi-ka-nagar,Choolai,suburb,node,344413691,13.0906283,80.2621417,OpenStreetMap Overpass,https://www.openstreetmap.org/node/344413691,false,
chennai,ward-078,78,Ward 78,Zone Thiru-vi-ka-nagar,Purasawalkam,suburb,node,290352313,13.0893275,80.2550331,OpenStreetMap Overpass,https://www.openstreetmap.org/node/290352313,false,
chennai,ward-079,79,Ward 79,Zone Ambattur,CMWSSB Division 79,neighbourhood,way,964273473,13.1321450,80.1522320,OpenStreetMap Overpass,https://www.openstreetmap.org/way/964273473,false,
chennai,ward-080,80,Ward 80,Zone Ambattur,CMWSSB Division 80,neighbourhood,way,964273472,13.1316055,80.1591660,OpenStreetMap Overpass,https://www.openstreetmap.org/way/964273472,false,
chennai,ward-081,81,Ward 81,Zone Ambattur,Ambattur,suburb,node,262308390,13.1193746,80.1507648,OpenStreetMap Overpass,https://www.openstreetmap.org/node/262308390,false,
chennai,ward-081,81,Ward 81,Zone Ambattur,CMWSSB Division 81,neighbourhood,way,964273471,13.1197345,80.1515100,OpenStreetMap Overpass,https://www.openstreetmap.org/way/964273471,false,
chennai,ward-081,81,Ward 81,Zone Ambattur,Thiruvengada Nagar,suburb,node,3554563253,13.1173939,80.1452698,OpenStreetMap Overpass,https://www.openstreetmap.org/node/3554563253,false,
chennai,ward-081,81,Ward 81,Zone Ambattur,Venkatapuram,suburb,node,402517481,13.1210150,80.1508292,OpenStreetMap Overpass,https://www.openstreetmap.org/node/402517481,false,
chennai,ward-082,82,Ward 82,Zone Ambattur,CMWSSB Division 82,neighbourhood,way,964273470,13.1281700,80.1689000,OpenStreetMap Overpass,https://www.openstreetmap.org/way/964273470,false,
chennai,ward-083,83,Ward 83,Zone Ambattur,CMWSSB Division 83,neighbourhood,way,964273469,13.1235685,80.1884630,OpenStreetMap Overpass,https://www.openstreetmap.org/way/964273469,false,
chennai,ward-083,83,Ward 83,Zone Ambattur,Korattur,suburb,node,262308395,13.1115484,80.1846272,OpenStreetMap Overpass,https://www.openstreetmap.org/node/262308395,false,
chennai,ward-084,84,Ward 84,Zone Ambattur,CMWSSB Division 84,neighbourhood,way,964273468,13.1066655,80.1796080,OpenStreetMap Overpass,https://www.openstreetmap.org/way/964273468,false,
chennai,ward-084,84,Ward 84,Zone Ambattur,Padi,suburb,node,248559737,13.1035851,80.1920425,OpenStreetMap Overpass,https://www.openstreetmap.org/node/248559737,false,
chennai,ward-085,85,Ward 85,Zone Ambattur,CMWSSB Division 85,neighbourhood,way,964273467,13.1062410,80.1572235,OpenStreetMap Overpass,https://www.openstreetmap.org/way/964273467,false,
chennai,ward-086,86,Ward 86,Zone Ambattur,Athipet,village,node,402302817,13.0920430,80.1544514,OpenStreetMap Overpass,https://www.openstreetmap.org/node/402302817,false,
chennai,ward-086,86,Ward 86,Zone Ambattur,CMWSSB Division 86,neighbourhood,way,964273466,13.0919205,80.1609310,OpenStreetMap Overpass,https://www.openstreetmap.org/way/964273466,false,
chennai,ward-087,87,Ward 87,Zone Ambattur,CMWSSB Division 87,neighbourhood,way,964273465,13.0949600,80.1829345,OpenStreetMap Overpass,https://www.openstreetmap.org/way/964273465,false,
chennai,ward-087,87,Ward 87,Zone Ambattur,CMWSSB Division 89,neighbourhood,way,964273463,13.0911310,80.1849805,OpenStreetMap Overpass,https://www.openstreetmap.org/way/964273463,false,
chennai,ward-088,88,Ward 88,Zone Ambattur,CMWSSB Division 88,neighbourhood,way,964273464,13.0962040,80.1903005,OpenStreetMap Overpass,https://www.openstreetmap.org/way/964273464,false,
chennai,ward-089,89,Ward 89,Zone Ambattur,Anna Nagar West,suburb,node,257937900,13.0940791,80.1922978,OpenStreetMap Overpass,https://www.openstreetmap.org/node/257937900,false,
chennai,ward-090,90,Ward 90,Zone Ambattur,CMWSSB Division 90,neighbourhood,way,964273462,13.0866230,80.1935660,OpenStreetMap Overpass,https://www.openstreetmap.org/way/964273462,false,
chennai,ward-090,90,Ward 90,Zone Ambattur,CMWSSB Division 93,neighbourhood,way,964273459,13.0799660,80.1896840,OpenStreetMap Overpass,https://www.openstreetmap.org/way/964273459,false,
chennai,ward-090,90,Ward 90,Zone Ambattur,Thirumangalam,quarter,node,13743101395,13.0835293,80.1956808,OpenStreetMap Overpass,https://www.openstreetmap.org/node/13743101395,false,
chennai,ward-091,91,Ward 91,Zone Ambattur,CMWSSB Division 92,neighbourhood,way,964273460,13.0804245,80.1787480,OpenStreetMap Overpass,https://www.openstreetmap.org/way/964273460,false,
chennai,ward-093,93,Ward 93,Zone Ambattur,Mogappair East,suburb,node,262308391,13.0835142,80.1840779,OpenStreetMap Overpass,https://www.openstreetmap.org/node/262308391,false,
chennai,ward-094,94,Ward 94,Zone Annanagar,CMWSSB Division 94,neighbourhood,way,964273458,13.1104050,80.2026100,OpenStreetMap Overpass,https://www.openstreetmap.org/way/964273458,false,
chennai,ward-095,95,Ward 95,Zone Annanagar,CMWSSB Division 95,neighbourhood,way,964273457,13.1014140,80.2058325,OpenStreetMap Overpass,https://www.openstreetmap.org/way/964273457,false,
chennai,ward-095,95,Ward 95,Zone Annanagar,Malar Colony,neighbourhood,node,3507385209,13.0977956,80.1989321,OpenStreetMap Overpass,https://www.openstreetmap.org/node/3507385209,false,
chennai,ward-096,96,Ward 96,Zone Annanagar,CMWSSB Division 96,neighbourhood,way,964273456,13.1027300,80.2280345,OpenStreetMap Overpass,https://www.openstreetmap.org/way/964273456,false,
chennai,ward-096,96,Ward 96,Zone Annanagar,ICF Colony,suburb,node,248560756,13.0995307,80.2202379,OpenStreetMap Overpass,https://www.openstreetmap.org/node/248560756,false,
chennai,ward-097,97,Ward 97,Zone Annanagar,CMWSSB Division 97,neighbourhood,way,964273455,13.0938190,80.2274975,OpenStreetMap Overpass,https://www.openstreetmap.org/way/964273455,false,
chennai,ward-098,98,Ward 98,Zone Annanagar,Aspiran Garden,neighbourhood,node,295539859,13.0862695,80.2370386,OpenStreetMap Overpass,https://www.openstreetmap.org/node/295539859,false,
chennai,ward-098,98,Ward 98,Zone Annanagar,Ayanavaram,suburb,node,257937905,13.0946157,80.2354100,OpenStreetMap Overpass,https://www.openstreetmap.org/node/257937905,false,
chennai,ward-098,98,Ward 98,Zone Annanagar,CMWSSB Division 98,neighbourhood,way,964273454,13.0911030,80.2380720,OpenStreetMap Overpass,https://www.openstreetmap.org/way/964273454,false,
chennai,ward-099,99,Ward 99,Zone Annanagar,CMWSSB Division 100,neighbourhood,way,964273452,13.0883110,80.2097295,OpenStreetMap Overpass,https://www.openstreetmap.org/way/964273452,false,
chennai,ward-099,99,Ward 99,Zone Annanagar,CMWSSB Division 99,neighbourhood,way,964273453,13.0861955,80.2031065,OpenStreetMap Overpass,https://www.openstreetmap.org/way/964273453,false,
chennai,ward-100,100,Ward 100,Zone Annanagar,AA Block,neighbourhood,node,3967636343,13.0834977,80.2164744,OpenStreetMap Overpass,https://www.openstreetmap.org/node/3967636343,false,
chennai,ward-100,100,Ward 100,Zone Annanagar,AB Block,neighbourhood,node,3967636344,13.0835934,80.2141151,OpenStreetMap Overpass,https://www.openstreetmap.org/node/3967636344,false,
chennai,ward-100,100,Ward 100,Zone Annanagar,AC Block,neighbourhood,node,3967636345,13.0837153,80.2113538,OpenStreetMap Overpass,https://www.openstreetmap.org/node/3967636345,false,
chennai,ward-100,100,Ward 100,Zone Annanagar,Nagerkoyil Sudalaimuthu Krishnan Nagar,neighbourhood,node,252299742,13.0777508,80.2167134,OpenStreetMap Overpass,https://www.openstreetmap.org/node/252299742,false,
chennai,ward-101,101,Ward 101,Zone Annanagar,Anna Nagar,suburb,node,248559557,13.0872004,80.2164421,OpenStreetMap Overpass,https://www.openstreetmap.org/node/248559557,false,
chennai,ward-101,101,Ward 101,Zone Annanagar,CMWSSB Division 101,neighbourhood,way,964273451,13.0855255,80.2205185,OpenStreetMap Overpass,https://www.openstreetmap.org/way/964273451,false,
chennai,ward-101,101,Ward 101,Zone Annanagar,E Block,neighbourhood,node,368392418,13.0869258,80.2194441,OpenStreetMap Overpass,https://www.openstreetmap.org/node/368392418,false,
chennai,ward-101,101,Ward 101,Zone Annanagar,F Block,neighbourhood,node,368392420,13.0868298,80.2216363,OpenStreetMap Overpass,https://www.openstreetmap.org/node/368392420,false,
chennai,ward-101,101,Ward 101,Zone Annanagar,T Block,neighbourhood,node,368392416,13.0894060,80.2165159,OpenStreetMap Overpass,https://www.openstreetmap.org/node/368392416,false,
chennai,ward-101,101,Ward 101,Zone Annanagar,W Block,neighbourhood,node,368392409,13.0866698,80.2164999,OpenStreetMap Overpass,https://www.openstreetmap.org/node/368392409,false,
chennai,ward-102,102,Ward 102,Zone Annanagar,Anna Nagar East,neighbourhood,node,257937894,13.0852124,80.2258887,OpenStreetMap Overpass,https://www.openstreetmap.org/node/257937894,false,
chennai,ward-102,102,Ward 102,Zone Annanagar,Bharathipuram,neighbourhood,node,12167706530,13.0776651,80.2222538,OpenStreetMap Overpass,https://www.openstreetmap.org/node/12167706530,false,
chennai,ward-102,102,Ward 102,Zone Annanagar,CMWSSB Division 102,neighbourhood,way,964273450,13.0838100,80.2281860,OpenStreetMap Overpass,https://www.openstreetmap.org/way/964273450,false,
chennai,ward-102,102,Ward 102,Zone Annanagar,Kilpauk Garden,neighbourhood,node,295539862,13.0845407,80.2311064,OpenStreetMap Overpass,https://www.openstreetmap.org/node/295539862,false,
chennai,ward-102,102,Ward 102,Zone Annanagar,Shenoy Nagar,suburb,node,252299890,13.0786669,80.2272547,OpenStreetMap Overpass,https://www.openstreetmap.org/node/252299890,false,
chennai,ward-103,103,Ward 103,Zone Annanagar,CMWSSB Division 103,neighbourhood,way,964273449,13.0820165,80.2403305,OpenStreetMap Overpass,https://www.openstreetmap.org/way/964273449,false,
chennai,ward-103,103,Ward 103,Zone Annanagar,CMWSSB Division 104,neighbourhood,way,964273448,13.0824755,80.2485625,OpenStreetMap Overpass,https://www.openstreetmap.org/way/964273448,false,
chennai,ward-103,103,Ward 103,Zone Annanagar,Kellys,neighbourhood,node,384508835,13.0828189,80.2433281,OpenStreetMap Overpass,https://www.openstreetmap.org/node/384508835,false,
chennai,ward-103,103,Ward 103,Zone Annanagar,Kilpauk,suburb,node,252300596,13.0832149,80.2379864,OpenStreetMap Overpass,https://www.openstreetmap.org/node/252300596,false,
chennai,ward-103,103,Ward 103,Zone Annanagar,Reserve Bank Staff Quarters,quarter,node,7261159987,13.0785501,80.2391628,OpenStreetMap Overpass,https://www.openstreetmap.org/node/7261159987,false,
chennai,ward-105,105,Ward 105,Zone Annanagar,Arumbakkam,suburb,node,248559495,13.0743710,80.2081312,OpenStreetMap Overpass,https://www.openstreetmap.org/node/248559495,false,
chennai,ward-105,105,Ward 105,Zone Annanagar,CMWSSB Division 105,neighbourhood,way,964273447,13.0680234,80.2096695,OpenStreetMap Overpass,https://www.openstreetmap.org/way/964273447,false,
chennai,ward-106,106,Ward 106,Zone Annanagar,Aminjikarai,suburb,node,248559479,13.0721399,80.2205453,OpenStreetMap Overpass,https://www.openstreetmap.org/node/248559479,false,
chennai,ward-106,106,Ward 106,Zone Annanagar,CMWSSB Division 106,neighbourhood,way,964273446,13.0710100,80.2228435,OpenStreetMap Overpass,https://www.openstreetmap.org/way/964273446,false,
chennai,ward-106,106,Ward 106,Zone Annanagar,Mehta Nagar,neighbourhood,node,293396984,13.0703783,80.2268067,OpenStreetMap Overpass,https://www.openstreetmap.org/node/293396984,false,
chennai,ward-106,106,Ward 106,Zone Annanagar,Officers Colony,neighbourhood,node,777883462,13.0703159,80.2282954,OpenStreetMap Overpass,https://www.openstreetmap.org/node/777883462,false,
chennai,ward-107,107,Ward 107,Zone Annanagar,Chetpet,suburb,node,247975048,13.0717448,80.2437973,OpenStreetMap Overpass,https://www.openstreetmap.org/node/247975048,false,
chennai,ward-107,107,Ward 107,Zone Annanagar,CMWSSB Division 107,neighbourhood,way,964273445,13.0724655,80.2401340,OpenStreetMap Overpass,https://www.openstreetmap.org/way/964273445,false,
chennai,ward-108,108,Ward 108,Zone Annanagar,CMWSSB Division 108,neighbourhood,way,964273444,13.0636262,80.2173493,OpenStreetMap Overpass,https://www.openstreetmap.org/way/964273444,false,
chennai,ward-108,108,Ward 108,Zone Annanagar,NGO Colony,neighbourhood,node,293397048,13.0645530,80.2199644,OpenStreetMap Overpass,https://www.openstreetmap.org/node/293397048,false,
chennai,ward-109,109,Ward 109,Zone Teynampet,CMWSSB Division 109,neighbourhood,way,964273443,13.0630940,80.2272490,OpenStreetMap Overpass,https://www.openstreetmap.org/way/964273443,false,
chennai,ward-109,109,Ward 109,Zone Teynampet,CMWSSB Division 112,neighbourhood,way,964273440,13.0588950,80.2247575,OpenStreetMap Overpass,https://www.openstreetmap.org/way/964273440,false,
chennai,ward-110,110,Ward 110,Zone Teynampet,CMWSSB Division 110,neighbourhood,way,964273442,13.0613980,80.2380910,OpenStreetMap Overpass,https://www.openstreetmap.org/way/964273442,false,
chennai,ward-110,110,Ward 110,Zone Teynampet,CMWSSB Division 113,neighbourhood,way,964273439,13.0551520,80.2411175,OpenStreetMap Overpass,https://www.openstreetmap.org/way/964273439,false,
chennai,ward-110,110,Ward 110,Zone Teynampet,Mahalingapuram,neighbourhood,node,247688953,13.0567826,80.2364037,OpenStreetMap Overpass,https://www.openstreetmap.org/node/247688953,false,
chennai,ward-110,110,Ward 110,Zone Teynampet,Nungambakkam,suburb,node,247688962,13.0620626,80.2404870,OpenStreetMap Overpass,https://www.openstreetmap.org/node/247688962,false,
chennai,ward-110,110,Ward 110,Zone Teynampet,Pushpa Nagar,neighbourhood,way,1410855659,13.0594569,80.2389972,OpenStreetMap Overpass,https://www.openstreetmap.org/way/1410855659,false,
chennai,ward-111,111,Ward 111,Zone Teynampet,CMWSSB Division 111,neighbourhood,way,964273441,13.0588185,80.2541305,OpenStreetMap Overpass,https://www.openstreetmap.org/way/964273441,false,
chennai,ward-111,111,Ward 111,Zone Teynampet,Thousand Lights,suburb,node,247689799,13.0587829,80.2557114,OpenStreetMap Overpass,https://www.openstreetmap.org/node/247689799,false,
chennai,ward-112,112,Ward 112,Zone Teynampet,Trustpuram,neighbourhood,node,314913063,13.0555649,80.2233364,OpenStreetMap Overpass,https://www.openstreetmap.org/node/314913063,false,
chennai,ward-113,113,Ward 113,Zone Teynampet,Gemini,neighbourhood,node,301758149,13.0521036,80.2500075,OpenStreetMap Overpass,https://www.openstreetmap.org/node/301758149,false,
chennai,ward-114,114,Ward 114,Zone Teynampet,Chepauk,suburb,node,247690296,13.0645131,80.2831179,OpenStreetMap Overpass,https://www.openstreetmap.org/node/247690296,false,
chennai,ward-114,114,Ward 114,Zone Teynampet,CMWSSB Division 114,neighbourhood,way,964273438,13.0626525,80.2795785,OpenStreetMap Overpass,https://www.openstreetmap.org/way/964273438,false,
chennai,ward-114,114,Ward 114,Zone Teynampet,Lock Nagar,neighbourhood,node,259006493,13.0665028,80.2815982,OpenStreetMap Overpass,https://www.openstreetmap.org/node/259006493,false,
chennai,ward-114,114,Ward 114,Zone Teynampet,Triplicane,suburb,node,247689792,13.0604285,80.2750704,OpenStreetMap Overpass,https://www.openstreetmap.org/node/247689792,false,
chennai,ward-114,114,Ward 114,Zone Teynampet,Zam Bazaar,neighbourhood,node,2218064760,13.0592958,80.2710216,OpenStreetMap Overpass,https://www.openstreetmap.org/node/2218064760,false,
chennai,ward-115,115,Ward 115,Zone Teynampet,CMWSSB Division 115,neighbourhood,way,964273437,13.0560935,80.2658190,OpenStreetMap Overpass,https://www.openstreetmap.org/way/964273437,false,
chennai,ward-115,115,Ward 115,Zone Teynampet,Royapettah,suburb,node,247689739,13.0554718,80.2639706,OpenStreetMap Overpass,https://www.openstreetmap.org/node/247689739,false,
chennai,ward-116,116,Ward 116,Zone Teynampet,CMWSSB Division 116,neighbourhood,way,964273436,13.0543945,80.2780245,OpenStreetMap Overpass,https://www.openstreetmap.org/way/964273436,false,
chennai,ward-116,116,Ward 116,Zone Teynampet,Mattankuppam,neighbourhood,node,339988118,13.0567200,80.2797427,OpenStreetMap Overpass,https://www.openstreetmap.org/node/339988118,false,
chennai,ward-118,118,Ward 118,Zone Teynampet,CMWSSB Division 118,neighbourhood,way,964273434,13.0463030,80.2554920,OpenStreetMap Overpass,https://www.openstreetmap.org/way/964273434,false,
chennai,ward-118,118,Ward 118,Zone Teynampet,Ellaiamman Colony,neighbourhood,node,301947537,13.0469862,80.2519362,OpenStreetMap Overpass,https://www.openstreetmap.org/node/301947537,false,
chennai,ward-118,118,Ward 118,Zone Teynampet,Ganapathy Colony,neighbourhood,node,259686670,13.0508508,80.2597323,OpenStreetMap Overpass,https://www.openstreetmap.org/node/259686670,false,
chennai,ward-118,118,Ward 118,Zone Teynampet,Gopalapuram,suburb,node,243059957,13.0497324,80.2582028,OpenStreetMap Overpass,https://www.openstreetmap.org/node/243059957,false,
chennai,ward-118,118,Ward 118,Zone Teynampet,Poes Garden,neighbourhood,node,257899442,13.0437065,80.2533160,OpenStreetMap Overpass,https://www.openstreetmap.org/node/257899442,false,
chennai,ward-118,118,Ward 118,Zone Teynampet,Teynampet,suburb,node,243059228,13.0443237,80.2498455,OpenStreetMap Overpass,https://www.openstreetmap.org/node/243059228,false,
chennai,ward-118,118,Ward 118,Zone Teynampet,Venus Colony,neighbourhood,node,257898994,13.0401069,80.2549202,OpenStreetMap Overpass,https://www.openstreetmap.org/node/257898994,false,
chennai,ward-119,119,Ward 119,Zone Teynampet,CIT Colony,neighbourhood,node,243060531,13.0413100,80.2604719,OpenStreetMap Overpass,https://www.openstreetmap.org/node/243060531,false,
chennai,ward-119,119,Ward 119,Zone Teynampet,CMWSSB Division 119,neighbourhood,way,964273433,13.0463590,80.2643120,OpenStreetMap Overpass,https://www.openstreetmap.org/way/964273433,false,
chennai,ward-120,120,Ward 120,Zone Teynampet,CMWSSB Division 120,neighbourhood,way,964273432,13.0497665,80.2760065,OpenStreetMap Overpass,https://www.openstreetmap.org/way/964273432,false,
chennai,ward-120,120,Ward 120,Zone Teynampet,Lloyds Colony,neighbourhood,node,604232151,13.0490735,80.2715991,OpenStreetMap Overpass,https://www.openstreetmap.org/node/604232151,false,
chennai,ward-121,121,Ward 121,Zone Teynampet,CMWSSB Division 121,neighbourhood,way,964273431,13.0439220,80.2720670,OpenStreetMap Overpass,https://www.openstreetmap.org/way/964273431,false,
chennai,ward-122,122,Ward 122,Zone Teynampet,CMWSSB Division 122,neighbourhood,way,964273430,13.0288900,80.2467450,OpenStreetMap Overpass,https://www.openstreetmap.org/way/964273430,false,
chennai,ward-122,122,Ward 122,Zone Teynampet,Ganesapuram,neighbourhood,node,389518725,13.0308533,80.2450086,OpenStreetMap Overpass,https://www.openstreetmap.org/node/389518725,false,
chennai,ward-122,122,Ward 122,Zone Teynampet,Lotus Colony,neighbourhood,node,386002557,13.0296417,80.2403771,OpenStreetMap Overpass,https://www.openstreetmap.org/node/386002557,false,
chennai,ward-122,122,Ward 122,Zone Teynampet,Nandanam,suburb,node,243060007,13.0286286,80.2402560,OpenStreetMap Overpass,https://www.openstreetmap.org/node/243060007,false,
chennai,ward-122,122,Ward 122,Zone Teynampet,Nandanam Extension,neighbourhood,node,386002558,13.0281859,80.2433142,OpenStreetMap Overpass,https://www.openstreetmap.org/node/386002558,false,
chennai,ward-122,122,Ward 122,Zone Teynampet,Seethammal Colony Extension,neighbourhood,node,363652703,13.0344987,80.2474473,OpenStreetMap Overpass,https://www.openstreetmap.org/node/363652703,false,
chennai,ward-122,122,Ward 122,Zone Teynampet,Sriram Nagar,neighbourhood,node,355515108,13.0313970,80.2500591,OpenStreetMap Overpass,https://www.openstreetmap.org/node/355515108,false,
chennai,ward-123,123,Ward 123,Zone Teynampet,Abhiramapuram,suburb,node,243060101,13.0310236,80.2582995,OpenStreetMap Overpass,https://www.openstreetmap.org/node/243060101,false,
chennai,ward-123,123,Ward 123,Zone Teynampet,Alwarpet,suburb,node,243053506,13.0338602,80.2545491,OpenStreetMap Overpass,https://www.openstreetmap.org/node/243053506,false,
chennai,ward-123,123,Ward 123,Zone Teynampet,CMWSSB Division 123,neighbourhood,way,964273429,13.0311755,80.2569895,OpenStreetMap Overpass,https://www.openstreetmap.org/way/964273429,false,
chennai,ward-123,123,Ward 123,Zone Teynampet,East Abhiramapuram,neighbourhood,node,247689703,13.0342682,80.2617914,OpenStreetMap Overpass,https://www.openstreetmap.org/node/247689703,false,
chennai,ward-123,123,Ward 123,Zone Teynampet,Raja Annamalai Puram,suburb,node,243060039,13.0244783,80.2539370,OpenStreetMap Overpass,https://www.openstreetmap.org/node/243060039,false,
chennai,ward-123,123,Ward 123,Zone Teynampet,Seethammal Colony,neighbourhood,node,257899025,13.0359586,80.2534418,OpenStreetMap Overpass,https://www.openstreetmap.org/node/257899025,false,
chennai,ward-123,123,Ward 123,Zone Teynampet,Vaniya Teynampet,neighbourhood,node,1702257060,13.0389894,80.2481110,OpenStreetMap Overpass,https://www.openstreetmap.org/node/1702257060,false,
chennai,ward-124,124,Ward 124,Zone Teynampet,CMWSSB Division 124,neighbourhood,way,964273428,13.0355780,80.2675490,OpenStreetMap Overpass,https://www.openstreetmap.org/way/964273428,false,
chennai,ward-124,124,Ward 124,Zone Teynampet,Mylapore,suburb,node,247677540,13.0316473,80.2700166,OpenStreetMap Overpass,https://www.openstreetmap.org/node/247677540,false,
chennai,ward-125,125,Ward 125,Zone Teynampet,CMWSSB Division 125,neighbourhood,way,964273427,13.0357500,80.2757395,OpenStreetMap Overpass,https://www.openstreetmap.org/way/964273427,false,
chennai,ward-125,125,Ward 125,Zone Teynampet,Santhome,suburb,node,247689726,13.0298372,80.2757380,OpenStreetMap Overpass,https://www.openstreetmap.org/node/247689726,false,
chennai,ward-126,126,Ward 126,Zone Teynampet,CMWSSB Division 126,neighbourhood,way,964273426,13.0259120,80.2688140,OpenStreetMap Overpass,https://www.openstreetmap.org/way/964273426,false,
chennai,ward-126,126,Ward 126,Zone Teynampet,Foreshore Estate,suburb,node,264040697,13.0249209,80.2776875,OpenStreetMap Overpass,https://www.openstreetmap.org/node/264040697,false,
chennai,ward-126,126,Ward 126,Zone Teynampet,Jeth Nagar,neighbourhood,node,410616097,13.0278310,80.2622380,OpenStreetMap Overpass,https://www.openstreetmap.org/node/410616097,false,
chennai,ward-126,126,Ward 126,Zone Teynampet,Mandaveli,suburb,node,247677647,13.0258445,80.2627877,OpenStreetMap Overpass,https://www.openstreetmap.org/node/247677647,false,
chennai,ward-127,127,Ward 127,Zone Kodambakkam,CMWSSB Division 127,neighbourhood,way,964273425,13.0675225,80.1999765,OpenStreetMap Overpass,https://www.openstreetmap.org/way/964273425,false,
chennai,ward-127,127,Ward 127,Zone Kodambakkam,Saligramam,suburb,node,248420921,13.0583406,80.1985327,OpenStreetMap Overpass,https://www.openstreetmap.org/node/248420921,false,
chennai,ward-128,128,Ward 128,Zone Kodambakkam,CMWSSB Division 128,neighbourhood,way,964273424,13.0455860,80.1917900,OpenStreetMap Overpass,https://www.openstreetmap.org/way/964273424,false,
chennai,ward-128,128,Ward 128,Zone Kodambakkam,Virugambakkam,suburb,node,300218898,13.0475434,80.1922181,OpenStreetMap Overpass,https://www.openstreetmap.org/node/300218898,false,
chennai,ward-129,129,Ward 129,Zone Kodambakkam,CMWSSB Division 129,neighbourhood,way,964273423,13.0529180,80.2033230,OpenStreetMap Overpass,https://www.openstreetmap.org/way/964273423,false,
chennai,ward-129,129,Ward 129,Zone Kodambakkam,Kaveri Rangan Colony,neighbourhood,node,361000031,13.0537639,80.2012328,OpenStreetMap Overpass,https://www.openstreetmap.org/node/361000031,false,
chennai,ward-129,129,Ward 129,Zone Kodambakkam,SBI Colony,neighbourhood,node,290752888,13.0537733,80.1989368,OpenStreetMap Overpass,https://www.openstreetmap.org/node/290752888,false,
chennai,ward-129,129,Ward 129,Zone Kodambakkam,Velayudam Colony,neighbourhood,node,301699453,13.0497555,80.2028480,OpenStreetMap Overpass,https://www.openstreetmap.org/node/301699453,false,
chennai,ward-130,130,Ward 130,Zone Kodambakkam,CMWSSB Division 130,neighbourhood,way,964273422,13.0535565,80.2129850,OpenStreetMap Overpass,https://www.openstreetmap.org/way/964273422,false,
chennai,ward-131,131,Ward 131,Zone Kodambakkam,CMWSSB Division 131,neighbourhood,way,964273421,13.0411170,80.2027690,OpenStreetMap Overpass,https://www.openstreetmap.org/way/964273421,false,
chennai,ward-131,131,Ward 131,Zone Kodambakkam,Sathya Garden,neighbourhood,way,1410857207,13.0455466,80.1982546,OpenStreetMap Overpass,https://www.openstreetmap.org/way/1410857207,false,
chennai,ward-132,132,Ward 132,Zone Kodambakkam,Ashok Nagar,suburb,node,247689098,13.0400731,80.2159247,OpenStreetMap Overpass,https://www.openstreetmap.org/node/247689098,false,
chennai,ward-132,132,Ward 132,Zone Kodambakkam,CMWSSB Division 132,neighbourhood,way,964273420,13.0388665,80.2128160,OpenStreetMap Overpass,https://www.openstreetmap.org/way/964273420,false,
chennai,ward-133,133,Ward 133,Zone Kodambakkam,CMWSSB Division 133,neighbourhood,way,964273419,13.0416860,80.2187125,OpenStreetMap Overpass,https://www.openstreetmap.org/way/964273419,false,
chennai,ward-134,134,Ward 134,Zone Kodambakkam,Aziz Nagar,neighbourhood,node,298389659,13.0486971,80.2281137,OpenStreetMap Overpass,https://www.openstreetmap.org/node/298389659,false,
chennai,ward-134,134,Ward 134,Zone Kodambakkam,CMWSSB Division 134,neighbourhood,way,964273418,13.0490640,80.2246945,OpenStreetMap Overpass,https://www.openstreetmap.org/way/964273418,false,
chennai,ward-134,134,Ward 134,Zone Kodambakkam,Kamarajar Colony,neighbourhood,node,298471030,13.0499741,80.2201288,OpenStreetMap Overpass,https://www.openstreetmap.org/node/298471030,false,
chennai,ward-134,134,Ward 134,Zone Kodambakkam,Kodambakkam,suburb,node,247689032,13.0492070,80.2242829,OpenStreetMap Overpass,https://www.openstreetmap.org/node/247689032,false,
chennai,ward-134,134,Ward 134,Zone Kodambakkam,United India Colony,neighbourhood,node,290734575,13.0511219,80.2247578,OpenStreetMap Overpass,https://www.openstreetmap.org/node/290734575,false,
chennai,ward-135,135,Ward 135,Zone Kodambakkam,CMWSSB Division 135,neighbourhood,way,964273417,13.0400580,80.2239995,OpenStreetMap Overpass,https://www.openstreetmap.org/way/964273417,false,
chennai,ward-135,135,Ward 135,Zone Kodambakkam,Postal Colony,neighbourhood,node,290728853,13.0363290,80.2195477,OpenStreetMap Overpass,https://www.openstreetmap.org/node/290728853,false,
chennai,ward-135,135,Ward 135,Zone Kodambakkam,West Mambalam,suburb,node,2241055790,13.0428296,80.2270184,OpenStreetMap Overpass,https://www.openstreetmap.org/node/2241055790,false,
chennai,ward-136,136,Ward 136,Zone Kodambakkam,CMWSSB Division 117,neighbourhood,way,964273435,13.0430690,80.2402445,OpenStreetMap Overpass,https://www.openstreetmap.org/way/964273435,false,
chennai,ward-136,136,Ward 136,Zone Kodambakkam,CMWSSB Division 136,neighbourhood,way,964273416,13.0410995,80.2363005,OpenStreetMap Overpass,https://www.openstreetmap.org/way/964273416,false,
chennai,ward-137,137,Ward 137,Zone Kodambakkam,CMWSSB Division 137,neighbourhood,way,964273415,13.0359655,80.1955130,OpenStreetMap Overpass,https://www.openstreetmap.org/way/964273415,false,
chennai,ward-137,137,Ward 137,Zone Kodambakkam,K.K.Nagar,suburb,node,12899837948,13.0407235,80.1992108,OpenStreetMap Overpass,https://www.openstreetmap.org/node/12899837948,false,
chennai,ward-138,138,Ward 138,Zone Kodambakkam,CMWSSB Division 138,neighbourhood,way,964273414,13.0313650,80.2038980,OpenStreetMap Overpass,https://www.openstreetmap.org/way/964273414,false,
chennai,ward-138,138,Ward 138,Zone Kodambakkam,Jafferkhanpet,suburb,node,290741806,13.0299401,80.2056195,OpenStreetMap Overpass,https://www.openstreetmap.org/node/290741806,false,
chennai,ward-139,139,Ward 139,Zone Kodambakkam,CMWSSB Division 139,neighbourhood,way,964273413,13.0269300,80.2147030,OpenStreetMap Overpass,https://www.openstreetmap.org/way/964273413,false,
chennai,ward-140,140,Ward 140,Zone Kodambakkam,CMWSSB Division 140,neighbourhood,way,964273412,13.0302995,80.2216065,OpenStreetMap Overpass,https://www.openstreetmap.org/way/964273412,false,
chennai,ward-140,140,Ward 140,Zone Kodambakkam,West Saidapet,neighbourhood,node,256031797,13.0252576,80.2204237,OpenStreetMap Overpass,https://www.openstreetmap.org/node/256031797,false,
chennai,ward-141,141,Ward 141,Zone Kodambakkam,CIT Nagar,neighbourhood,node,250319617,13.0293843,80.2342825,OpenStreetMap Overpass,https://www.openstreetmap.org/node/250319617,false,
chennai,ward-141,141,Ward 141,Zone Kodambakkam,CMWSSB Division 141,neighbourhood,way,964273411,13.0308185,80.2324670,OpenStreetMap Overpass,https://www.openstreetmap.org/way/964273411,false,
chennai,ward-141,141,Ward 141,Zone Kodambakkam,Kannammapet,neighbourhood,node,250319611,13.0323256,80.2280783,OpenStreetMap Overpass,https://www.openstreetmap.org/node/250319611,false,
chennai,ward-141,141,Ward 141,Zone Kodambakkam,Thiyagaraya Nagar,suburb,node,12255801857,13.0344050,80.2301597,OpenStreetMap Overpass,https://www.openstreetmap.org/node/12255801857,false,
chennai,ward-142,142,Ward 142,Zone Kodambakkam,CMWSSB Division 142,neighbourhood,way,964273410,13.0216270,80.2200260,OpenStreetMap Overpass,https://www.openstreetmap.org/way/964273410,false,
chennai,ward-142,142,Ward 142,Zone Kodambakkam,Saidapet,suburb,node,247689106,13.0208170,80.2239536,OpenStreetMap Overpass,https://www.openstreetmap.org/node/247689106,false,
chennai,ward-143,143,Ward 143,Zone Valasaravakkam,CMWSSB Division 143,neighbourhood,way,964273409,13.0736735,80.1688580,OpenStreetMap Overpass,https://www.openstreetmap.org/way/964273409,false,
chennai,ward-143,143,Ward 143,Zone Valasaravakkam,CMWSSB Division 91,neighbourhood,way,964273461,13.0813280,80.1713460,OpenStreetMap Overpass,https://www.openstreetmap.org/way/964273461,false,
chennai,ward-143,143,Ward 143,Zone Valasaravakkam,Nolambur,suburb,node,1446805946,13.0747182,80.1682206,OpenStreetMap Overpass,https://www.openstreetmap.org/node/1446805946,false,
chennai,ward-143,143,Ward 143,Zone Valasaravakkam,S and P Garden,neighbourhood,way,361229227,13.0668681,80.1634939,OpenStreetMap Overpass,https://www.openstreetmap.org/way/361229227,false,
chennai,ward-145,145,Ward 145,Zone Valasaravakkam,CMWSSB Division 145,neighbourhood,way,964273407,13.0658715,80.1851240,OpenStreetMap Overpass,https://www.openstreetmap.org/way/964273407,false,
chennai,ward-145,145,Ward 145,Zone Valasaravakkam,Nerkundram,suburb,node,294073574,13.0688386,80.1838987,OpenStreetMap Overpass,https://www.openstreetmap.org/node/294073574,false,
chennai,ward-146,146,Ward 146,Zone Valasaravakkam,Alapakkam,suburb,node,978454693,13.0499010,80.1654347,OpenStreetMap Overpass,https://www.openstreetmap.org/node/978454693,false,
chennai,ward-146,146,Ward 146,Zone Valasaravakkam,CMWSSB Division 146,neighbourhood,way,964273406,13.0520000,80.1644445,OpenStreetMap Overpass,https://www.openstreetmap.org/way/964273406,false,
chennai,ward-147,147,Ward 147,Zone Valasaravakkam,CMWSSB Division 144,neighbourhood,way,964273408,13.0645530,80.1745785,OpenStreetMap Overpass,https://www.openstreetmap.org/way/964273408,false,
chennai,ward-147,147,Ward 147,Zone Valasaravakkam,CMWSSB Division 147,neighbourhood,way,964273405,13.0518760,80.1708915,OpenStreetMap Overpass,https://www.openstreetmap.org/way/964273405,false,
chennai,ward-147,147,Ward 147,Zone Valasaravakkam,Maduravoyal,suburb,node,294073566,13.0601732,80.1665988,OpenStreetMap Overpass,https://www.openstreetmap.org/node/294073566,false,
chennai,ward-148,148,Ward 148,Zone Valasaravakkam,CMWSSB Division 148,neighbourhood,way,964273404,13.0568925,80.1839010,OpenStreetMap Overpass,https://www.openstreetmap.org/way/964273404,false,
chennai,ward-149,149,Ward 149,Zone Valasaravakkam,CMWSSB Division 149,neighbourhood,way,964273403,13.0472280,80.1785930,OpenStreetMap Overpass,https://www.openstreetmap.org/way/964273403,false,
chennai,ward-150,150,Ward 150,Zone Valasaravakkam,CMWSSB Division 150,neighbourhood,way,964273402,13.0376071,80.1534915,OpenStreetMap Overpass,https://www.openstreetmap.org/way/964273402,false,
chennai,ward-150,150,Ward 150,Zone Valasaravakkam,Karampakkam,suburb,node,1446805944,13.0394382,80.1535619,OpenStreetMap Overpass,https://www.openstreetmap.org/node/1446805944,false,
chennai,ward-152,152,Ward 152,Zone Valasaravakkam,Alwarthiru Nagar,neighbourhood,node,4489923165,13.0407334,80.1859659,OpenStreetMap Overpass,https://www.openstreetmap.org/node/4489923165,false,
chennai,ward-152,152,Ward 152,Zone Valasaravakkam,Chowdhary Nagar,neighbourhood,node,4487976268,13.0386857,80.1809343,OpenStreetMap Overpass,https://www.openstreetmap.org/node/4487976268,false,
chennai,ward-152,152,Ward 152,Zone Valasaravakkam,CMWSSB Division 152,neighbourhood,way,964273400,13.0405505,80.1791125,OpenStreetMap Overpass,https://www.openstreetmap.org/way/964273400,false,
chennai,ward-152,152,Ward 152,Zone Valasaravakkam,Gandhi Nagar,neighbourhood,node,4489923166,13.0412679,80.1871827,OpenStreetMap Overpass,https://www.openstreetmap.org/node/4489923166,false,
chennai,ward-152,152,Ward 152,Zone Valasaravakkam,Janaki Nagar,neighbourhood,node,4487976269,13.0401703,80.1820728,OpenStreetMap Overpass,https://www.openstreetmap.org/node/4487976269,false,
chennai,ward-152,152,Ward 152,Zone Valasaravakkam,Majestic Colony,neighbourhood,node,4487976270,13.0385477,80.1799846,OpenStreetMap Overpass,https://www.openstreetmap.org/node/4487976270,false,
chennai,ward-152,152,Ward 152,Zone Valasaravakkam,Om Sakthi Nagar,neighbourhood,node,4486584000,13.0380196,80.1867387,OpenStreetMap Overpass,https://www.openstreetmap.org/node/4486584000,false,
chennai,ward-152,152,Ward 152,Zone Valasaravakkam,Suresh Nagar,neighbourhood,node,4487976272,13.0376269,80.1828189,OpenStreetMap Overpass,https://www.openstreetmap.org/node/4487976272,false,
chennai,ward-152,152,Ward 152,Zone Valasaravakkam,Valasaravakkam,suburb,node,294073565,13.0410164,80.1721682,OpenStreetMap Overpass,https://www.openstreetmap.org/node/294073565,false,
chennai,ward-152,152,Ward 152,Zone Valasaravakkam,Veerappa Nagar,neighbourhood,node,4489923167,13.0423420,80.1852505,OpenStreetMap Overpass,https://www.openstreetmap.org/node/4489923167,false,
chennai,ward-153,153,Ward 153,Zone Valasaravakkam,CMWSSB Division 151,neighbourhood,way,964273401,13.0317805,80.1650700,OpenStreetMap Overpass,https://www.openstreetmap.org/way/964273401,false,
chennai,ward-153,153,Ward 153,Zone Valasaravakkam,CMWSSB Division 153,neighbourhood,way,964273399,13.0280625,80.1563310,OpenStreetMap Overpass,https://www.openstreetmap.org/way/964273399,false,
chennai,ward-153,153,Ward 153,Zone Valasaravakkam,Porur,suburb,node,243327790,13.0320131,80.1583040,OpenStreetMap Overpass,https://www.openstreetmap.org/node/243327790,false,
chennai,ward-154,154,Ward 154,Zone Valasaravakkam,CMWSSB Division 154,neighbourhood,way,964273398,13.0298790,80.1769340,OpenStreetMap Overpass,https://www.openstreetmap.org/way/964273398,false,
chennai,ward-154,154,Ward 154,Zone Valasaravakkam,Ramapuram,suburb,node,290747585,13.0298609,80.1780333,OpenStreetMap Overpass,https://www.openstreetmap.org/node/290747585,false,
chennai,ward-155,155,Ward 155,Zone Valasaravakkam,Anis Nagar,neighbourhood,node,4486583994,13.0372741,80.1881482,OpenStreetMap Overpass,https://www.openstreetmap.org/node/4486583994,false,
chennai,ward-155,155,Ward 155,Zone Valasaravakkam,Annai Sathya Nagar Nesapakkam,neighbourhood,node,4486583995,13.0357157,80.1884526,OpenStreetMap Overpass,https://www.openstreetmap.org/node/4486583995,false,
chennai,ward-155,155,Ward 155,Zone Valasaravakkam,CMWSSB Division 155,neighbourhood,way,964273397,13.0300945,80.1833735,OpenStreetMap Overpass,https://www.openstreetmap.org/way/964273397,false,
chennai,ward-155,155,Ward 155,Zone Valasaravakkam,Indra Nagar,neighbourhood,node,4486583997,13.0370804,80.1887213,OpenStreetMap Overpass,https://www.openstreetmap.org/node/4486583997,false,
chennai,ward-155,155,Ward 155,Zone Valasaravakkam,Kothari Nagar,neighbourhood,node,4486583998,13.0352116,80.1851019,OpenStreetMap Overpass,https://www.openstreetmap.org/node/4486583998,false,
chennai,ward-155,155,Ward 155,Zone Valasaravakkam,Moogambigai Nagar,neighbourhood,node,4486583999,13.0372422,80.1851369,OpenStreetMap Overpass,https://www.openstreetmap.org/node/4486583999,false,
chennai,ward-155,155,Ward 155,Zone Valasaravakkam,Nesapakkam,suburb,node,290747272,13.0336193,80.1873092,OpenStreetMap Overpass,https://www.openstreetmap.org/node/290747272,false,
chennai,ward-155,155,Ward 155,Zone Valasaravakkam,Senthamizh Nagar,neighbourhood,node,4486584001,13.0347636,80.1874367,OpenStreetMap Overpass,https://www.openstreetmap.org/node/4486584001,false,
chennai,ward-155,155,Ward 155,Zone Valasaravakkam,Sri Laxmi Nagar,neighbourhood,node,4487976271,13.0363489,80.1806501,OpenStreetMap Overpass,https://www.openstreetmap.org/node/4487976271,false,
chennai,ward-155,155,Ward 155,Zone Valasaravakkam,Sri Ragavendra Nagar,neighbourhood,node,4486584002,13.0367300,80.1863510,OpenStreetMap Overpass,https://www.openstreetmap.org/node/4486584002,false,
chennai,ward-155,155,Ward 155,Zone Valasaravakkam,Thirumalai Nagar,neighbourhood,node,4487976273,13.0367037,80.1829043,OpenStreetMap Overpass,https://www.openstreetmap.org/node/4487976273,false,
chennai,ward-156,156,Ward 156,Zone Alandur,CMWSSB Division 156,neighbourhood,way,964273396,13.0194645,80.1609720,OpenStreetMap Overpass,https://www.openstreetmap.org/way/964273396,false,
chennai,ward-156,156,Ward 156,Zone Alandur,Mugalivakkam,neighbourhood,relation,7888807,13.0194870,80.1609715,OpenStreetMap Overpass,https://www.openstreetmap.org/relation/7888807,false,
chennai,ward-157,157,Ward 157,Zone Alandur,CMWSSB Division 157,neighbourhood,way,964273395,13.0128836,80.1743810,OpenStreetMap Overpass,https://www.openstreetmap.org/way/964273395,false,
chennai,ward-157,157,Ward 157,Zone Alandur,"Krishna Nagar, Periyar Road",neighbourhood,way,234104189,13.0151220,80.1721409,OpenStreetMap Overpass,https://www.openstreetmap.org/way/234104189,false,
chennai,ward-157,157,Ward 157,Zone Alandur,Manapakkam,suburb,node,294073596,13.0147531,80.1744935,OpenStreetMap Overpass,https://www.openstreetmap.org/node/294073596,false,
chennai,ward-158,158,Ward 158,Zone Alandur,CMWSSB Division 158,neighbourhood,way,964273394,13.0163775,80.1874520,OpenStreetMap Overpass,https://www.openstreetmap.org/way/964273394,false,
chennai,ward-158,158,Ward 158,Zone Alandur,Nandambakkam,suburb,node,294073575,13.0166484,80.1911885,OpenStreetMap Overpass,https://www.openstreetmap.org/node/294073575,false,
chennai,ward-159,159,Ward 159,Zone Alandur,CMWSSB Division 159,neighbourhood,way,964273393,12.9924765,80.1696015,OpenStreetMap Overpass,https://www.openstreetmap.org/way/964273393,false,
chennai,ward-159,159,Ward 159,Zone Alandur,Meenambakkam,suburb,node,313443780,12.9866009,80.1726357,OpenStreetMap Overpass,https://www.openstreetmap.org/node/313443780,false,
chennai,ward-160,160,Ward 160,Zone Alandur,CMWSSB Division 160,neighbourhood,way,964273392,13.0042500,80.2080890,OpenStreetMap Overpass,https://www.openstreetmap.org/way/964273392,false,
chennai,ward-161,161,Ward 161,Zone Alandur,CMWSSB Division 161,neighbourhood,way,964273391,12.9967070,80.2021560,OpenStreetMap Overpass,https://www.openstreetmap.org/way/964273391,false,
chennai,ward-162,162,Ward 162,Zone Alandur,CMWSSB Division 162,neighbourhood,way,964273390,12.9914050,80.1920355,OpenStreetMap Overpass,https://www.openstreetmap.org/way/964273390,false,
chennai,ward-162,162,Ward 162,Zone Alandur,Pazhavanthangal,suburb,node,310910972,12.9883524,80.1891324,OpenStreetMap Overpass,https://www.openstreetmap.org/node/310910972,false,
chennai,ward-162,162,Ward 162,Zone Alandur,Ram Nagar,neighbourhood,node,3187965968,12.9886349,80.1955241,OpenStreetMap Overpass,https://www.openstreetmap.org/node/3187965968,false,
chennai,ward-162,162,Ward 162,Zone Alandur,Thillai Ganga Nagar,neighbourhood,node,310911805,12.9898430,80.1936624,OpenStreetMap Overpass,https://www.openstreetmap.org/node/310911805,false,
chennai,ward-163,163,Ward 163,Zone Alandur,CMWSSB Division 163,neighbourhood,way,964273389,12.9907300,80.2014755,OpenStreetMap Overpass,https://www.openstreetmap.org/way/964273389,false,
chennai,ward-164,164,Ward 164,Zone Alandur,CMWSSB Division 164,neighbourhood,way,964273388,12.9873620,80.1869735,OpenStreetMap Overpass,https://www.openstreetmap.org/way/964273388,false,
chennai,ward-164,164,Ward 164,Zone Alandur,Nanganallur Co-op Society Colony,neighbourhood,node,8688165341,12.9879605,80.1905915,OpenStreetMap Overpass,https://www.openstreetmap.org/node/8688165341,false,
chennai,ward-164,164,Ward 164,Zone Alandur,NCBS Colony,neighbourhood,node,3187965965,12.9854635,80.1896961,OpenStreetMap Overpass,https://www.openstreetmap.org/node/3187965965,false,
chennai,ward-165,165,Ward 165,Zone Alandur,CMWSSB Division 165,neighbourhood,way,964273387,12.9828645,80.1997885,OpenStreetMap Overpass,https://www.openstreetmap.org/way/964273387,false,
chennai,ward-165,165,Ward 165,Zone Alandur,Ram Nagar,neighbourhood,node,3187965967,12.9848890,80.1943346,OpenStreetMap Overpass,https://www.openstreetmap.org/node/3187965967,false,
chennai,ward-166,166,Ward 166,Zone Alandur,Bakhtavachalam Nagar,neighbourhood,node,301136096,12.9778604,80.1791050,OpenStreetMap Overpass,https://www.openstreetmap.org/node/301136096,false,
chennai,ward-166,166,Ward 166,Zone Alandur,CMWSSB Division 166,neighbourhood,way,964273386,12.9783715,80.1791445,OpenStreetMap Overpass,https://www.openstreetmap.org/way/964273386,false,
chennai,ward-167,167,Ward 167,Zone Alandur,CMWSSB Division 167,neighbourhood,way,964273385,12.9772025,80.1863150,OpenStreetMap Overpass,https://www.openstreetmap.org/way/964273385,false,
chennai,ward-167,167,Ward 167,Zone Alandur,Kannan Nagar,neighbourhood,node,280510383,12.9699068,80.1893164,OpenStreetMap Overpass,https://www.openstreetmap.org/node/280510383,false,
chennai,ward-167,167,Ward 167,Zone Alandur,Moovarasampettai,suburb,node,301734430,12.9693665,80.1833591,OpenStreetMap Overpass,https://www.openstreetmap.org/node/301734430,false,
chennai,ward-167,167,Ward 167,Zone Alandur,Nanganallur,suburb,node,278512528,12.9801242,80.1849020,OpenStreetMap Overpass,https://www.openstreetmap.org/node/278512528,false,
chennai,ward-167,167,Ward 167,Zone Alandur,Voltas Colony,neighbourhood,node,308914614,12.9744987,80.1863675,OpenStreetMap Overpass,https://www.openstreetmap.org/node/308914614,false,
chennai,ward-168,168,Ward 168,Zone Perungudi,CMWSSB Division 168,neighbourhood,way,964273384,12.9778060,80.1955685,OpenStreetMap Overpass,https://www.openstreetmap.org/way/964273384,false,
chennai,ward-168,168,Ward 168,Zone Perungudi,Ullagaram,suburb,node,301731218,12.9765868,80.1967196,OpenStreetMap Overpass,https://www.openstreetmap.org/node/301731218,false,
chennai,ward-169,169,Ward 169,Zone Perungudi,Balaji Nagar,neighbourhood,node,280510797,12.9721642,80.1905716,OpenStreetMap Overpass,https://www.openstreetmap.org/node/280510797,false,
chennai,ward-169,169,Ward 169,Zone Perungudi,CMWSSB Division 169,neighbourhood,way,964273383,12.9712720,80.2025390,OpenStreetMap Overpass,https://www.openstreetmap.org/way/964273383,false,
chennai,ward-169,169,Ward 169,Zone Perungudi,Puzhuthivakkam,suburb,node,280518793,12.9691428,80.2062626,OpenStreetMap Overpass,https://www.openstreetmap.org/node/280518793,false,
chennai,ward-169,169,Ward 169,Zone Perungudi,Ram Nagar,neighbourhood,node,280521191,12.9653558,80.2118131,OpenStreetMap Overpass,https://www.openstreetmap.org/node/280521191,false,
chennai,ward-169,169,Ward 169,Zone Perungudi,Ramalinga Nagar,neighbourhood,node,1317143256,12.9675942,80.2058513,OpenStreetMap Overpass,https://www.openstreetmap.org/node/1317143256,false,
chennai,ward-169,169,Ward 169,Zone Perungudi,Union Carbide Colony,neighbourhood,node,308915449,12.9739802,80.1931481,OpenStreetMap Overpass,https://www.openstreetmap.org/node/308915449,false,
chennai,ward-170,170,Ward 170,Zone Adyar,CMWSSB Division 170,neighbourhood,way,964273382,13.0178740,80.2118225,OpenStreetMap Overpass,https://www.openstreetmap.org/way/964273382,false,
chennai,ward-170,170,Ward 170,Zone Adyar,Ekkattuthangal,suburb,node,364280369,13.0242453,80.2065506,OpenStreetMap Overpass,https://www.openstreetmap.org/node/364280369,false,
chennai,ward-170,170,Ward 170,Zone Adyar,Labour Colony,neighbourhood,node,369149434,13.0154717,80.2094084,OpenStreetMap Overpass,https://www.openstreetmap.org/node/369149434,false,
chennai,ward-170,170,Ward 170,Zone Adyar,SIDCO Industrial Estate,suburb,node,256029400,13.0140700,80.2091208,OpenStreetMap Overpass,https://www.openstreetmap.org/node/256029400,false,
chennai,ward-171,171,Ward 171,Zone Adyar,CMWSSB Division 171,neighbourhood,way,964273381,13.0188640,80.2312135,OpenStreetMap Overpass,https://www.openstreetmap.org/way/964273381,false,
chennai,ward-171,171,Ward 171,Zone Adyar,Jothiammal Nagar,neighbourhood,node,256035579,13.0195105,80.2288972,OpenStreetMap Overpass,https://www.openstreetmap.org/node/256035579,false,
chennai,ward-171,171,Ward 171,Zone Adyar,Little Mount,suburb,node,249497723,13.0141864,80.2266882,OpenStreetMap Overpass,https://www.openstreetmap.org/node/249497723,false,
chennai,ward-171,171,Ward 171,Zone Adyar,Srinagar Colony,neighbourhood,node,269767377,13.0134666,80.2302782,OpenStreetMap Overpass,https://www.openstreetmap.org/node/269767377,false,
chennai,ward-171,171,Ward 171,Zone Adyar,Todhunter Nagar,neighbourhood,node,256035567,13.0226153,80.2308086,OpenStreetMap Overpass,https://www.openstreetmap.org/node/256035567,false,
chennai,ward-172,172,Ward 172,Zone Adyar,CMWSSB Division 172,neighbourhood,way,964273380,13.0108370,80.2438925,OpenStreetMap Overpass,https://www.openstreetmap.org/way/964273380,false,
chennai,ward-172,172,Ward 172,Zone Adyar,Kottur Gardens,neighbourhood,node,410699145,13.0206311,80.2441277,OpenStreetMap Overpass,https://www.openstreetmap.org/node/410699145,false,
chennai,ward-172,172,Ward 172,Zone Adyar,Kotturpuram,suburb,node,249497870,13.0193703,80.2435512,OpenStreetMap Overpass,https://www.openstreetmap.org/node/249497870,false,
chennai,ward-172,172,Ward 172,Zone Adyar,Sriram Nagar,neighbourhood,node,312024616,13.0035494,80.2443172,OpenStreetMap Overpass,https://www.openstreetmap.org/node/312024616,false,
chennai,ward-172,172,Ward 172,Zone Adyar,Tiruvalluvar Nagar,neighbourhood,node,410703669,13.0181474,80.2458186,OpenStreetMap Overpass,https://www.openstreetmap.org/node/410703669,false,
chennai,ward-172,172,Ward 172,Zone Adyar,Varadapuram,neighbourhood,node,410703648,13.0154212,80.2459988,OpenStreetMap Overpass,https://www.openstreetmap.org/node/410703648,false,
chennai,ward-173,173,Ward 173,Zone Adyar,CMWSSB Division 173,neighbourhood,way,964273379,13.0187535,80.2631530,OpenStreetMap Overpass,https://www.openstreetmap.org/way/964273379,false,
chennai,ward-173,173,Ward 173,Zone Adyar,Karpagam Avenue,neighbourhood,node,2218345692,13.0219794,80.2678296,OpenStreetMap Overpass,https://www.openstreetmap.org/node/2218345692,false,
chennai,ward-173,173,Ward 173,Zone Adyar,Kesavaperumalpuram,neighbourhood,node,410691069,13.0211245,80.2541184,OpenStreetMap Overpass,https://www.openstreetmap.org/node/410691069,false,
chennai,ward-173,173,Ward 173,Zone Adyar,MRC Nagar,suburb,node,248196797,13.0196693,80.2706525,OpenStreetMap Overpass,https://www.openstreetmap.org/node/248196797,false,
chennai,ward-173,173,Ward 173,Zone Adyar,Ramakrishna Nagar,neighbourhood,node,2587530813,13.0243660,80.2610620,OpenStreetMap Overpass,https://www.openstreetmap.org/node/2587530813,false,
chennai,ward-174,174,Ward 174,Zone Adyar,CMWSSB Division 174,neighbourhood,way,964273378,12.9974400,80.2254515,OpenStreetMap Overpass,https://www.openstreetmap.org/way/964273378,false,
chennai,ward-174,174,Ward 174,Zone Adyar,Guindy,suburb,node,249497729,13.0087095,80.2203646,OpenStreetMap Overpass,https://www.openstreetmap.org/node/249497729,false,
chennai,ward-174,174,Ward 174,Zone Adyar,Raj Bhavan,neighbourhood,node,304287902,13.0079401,80.2263985,OpenStreetMap Overpass,https://www.openstreetmap.org/node/304287902,false,
chennai,ward-175,175,Ward 175,Zone Adyar,Bakthavatchalam Nagar,neighbourhood,node,335480495,13.0034060,80.2530941,OpenStreetMap Overpass,https://www.openstreetmap.org/node/335480495,false,
chennai,ward-175,175,Ward 175,Zone Adyar,CMWSSB Division 175,neighbourhood,way,964273377,13.0025340,80.2532175,OpenStreetMap Overpass,https://www.openstreetmap.org/way/964273377,false,
chennai,ward-175,175,Ward 175,Zone Adyar,Gandhinagar,neighbourhood,node,249497704,13.0089932,80.2538632,OpenStreetMap Overpass,https://www.openstreetmap.org/node/249497704,false,
chennai,ward-175,175,Ward 175,Zone Adyar,Kasturibai Nagar,neighbourhood,node,257431352,13.0040436,80.2509384,OpenStreetMap Overpass,https://www.openstreetmap.org/node/257431352,false,
chennai,ward-176,176,Ward 176,Zone Adyar,Adyar,suburb,node,249497711,13.0064500,80.2577791,OpenStreetMap Overpass,https://www.openstreetmap.org/node/249497711,false,
chennai,ward-176,176,Ward 176,Zone Adyar,Arunachalapuram,neighbourhood,node,313774973,13.0087347,80.2608522,OpenStreetMap Overpass,https://www.openstreetmap.org/node/313774973,false,
chennai,ward-176,176,Ward 176,Zone Adyar,Besant Nagar,suburb,node,249497705,12.9996907,80.2682259,OpenStreetMap Overpass,https://www.openstreetmap.org/node/249497705,false,
chennai,ward-176,176,Ward 176,Zone Adyar,"Central Government Officers Quarters, General Pool Accomodation",neighbourhood,node,1730498127,13.0021964,80.2652826,OpenStreetMap Overpass,https://www.openstreetmap.org/node/1730498127,false,
chennai,ward-176,176,Ward 176,Zone Adyar,CMWSSB Division 176,neighbourhood,way,964273376,13.0036355,80.2661705,OpenStreetMap Overpass,https://www.openstreetmap.org/way/964273376,false,
chennai,ward-176,176,Ward 176,Zone Adyar,Damodarapuram,neighbourhood,node,335535157,13.0018073,80.2629813,OpenStreetMap Overpass,https://www.openstreetmap.org/node/335535157,false,
chennai,ward-176,176,Ward 176,Zone Adyar,GOCHS Colony,neighbourhood,node,10559615705,12.9978724,80.2691711,OpenStreetMap Overpass,https://www.openstreetmap.org/node/10559615705,false,
chennai,ward-176,176,Ward 176,Zone Adyar,Jeevarathinam Nagar,neighbourhood,node,313775328,13.0020570,80.2606946,OpenStreetMap Overpass,https://www.openstreetmap.org/node/313775328,false,
chennai,ward-176,176,Ward 176,Zone Adyar,Karpagam Garden,neighbourhood,node,313775085,13.0071776,80.2615446,OpenStreetMap Overpass,https://www.openstreetmap.org/node/313775085,false,
chennai,ward-176,176,Ward 176,Zone Adyar,Padmanabha Nagar,neighbourhood,node,313775083,13.0045512,80.2587292,OpenStreetMap Overpass,https://www.openstreetmap.org/node/313775083,false,
chennai,ward-176,176,Ward 176,Zone Adyar,Parameswari Nagar,neighbourhood,node,313775329,13.0027868,80.2581254,OpenStreetMap Overpass,https://www.openstreetmap.org/node/313775329,false,
chennai,ward-176,176,Ward 176,Zone Adyar,Shastri Nagar,neighbourhood,node,257431354,12.9987729,80.2599116,OpenStreetMap Overpass,https://www.openstreetmap.org/node/257431354,false,
chennai,ward-176,176,Ward 176,Zone Adyar,Urur Kuppam,neighbourhood,node,360894240,13.0041761,80.2732889,OpenStreetMap Overpass,https://www.openstreetmap.org/node/360894240,false,
chennai,ward-176,176,Ward 176,Zone Adyar,Venkateswara Nagar,neighbourhood,node,335535144,13.0032800,80.2620566,OpenStreetMap Overpass,https://www.openstreetmap.org/node/335535144,false,
chennai,ward-177,177,Ward 177,Zone Adyar,Adambakkam,suburb,node,256202991,12.9822215,80.2091210,OpenStreetMap Overpass,https://www.openstreetmap.org/node/256202991,false,
chennai,ward-177,177,Ward 177,Zone Adyar,AGS Officers Colony,neighbourhood,node,401786624,12.9789702,80.2097046,OpenStreetMap Overpass,https://www.openstreetmap.org/node/401786624,false,
chennai,ward-177,177,Ward 177,Zone Adyar,CMWSSB Division 177,neighbourhood,way,964273375,12.9872425,80.2111045,OpenStreetMap Overpass,https://www.openstreetmap.org/way/964273375,false,
chennai,ward-177,177,Ward 177,Zone Adyar,Dr Ambedkar Nagar,neighbourhood,node,401769766,12.9900554,80.2074843,OpenStreetMap Overpass,https://www.openstreetmap.org/node/401769766,false,
chennai,ward-177,177,Ward 177,Zone Adyar,Gangai Nagar,neighbourhood,node,338406849,12.9835252,80.2159236,OpenStreetMap Overpass,https://www.openstreetmap.org/node/338406849,false,
chennai,ward-177,177,Ward 177,Zone Adyar,Lakshmi Hayagriva Nagar,neighbourhood,node,300469486,12.9854291,80.2121380,OpenStreetMap Overpass,https://www.openstreetmap.org/node/300469486,false,
chennai,ward-177,177,Ward 177,Zone Adyar,NGO Colony,neighbourhood,node,401769776,12.9948953,80.2077603,OpenStreetMap Overpass,https://www.openstreetmap.org/node/401769776,false,
chennai,ward-177,177,Ward 177,Zone Adyar,TNHB Colony,neighbourhood,node,12557371740,12.9914196,80.2120593,OpenStreetMap Overpass,https://www.openstreetmap.org/node/12557371740,false,
chennai,ward-178,178,Ward 178,Zone Adyar,CMWSSB Division 178,neighbourhood,way,964273374,12.9782620,80.2162550,OpenStreetMap Overpass,https://www.openstreetmap.org/way/964273374,false,
chennai,ward-178,178,Ward 178,Zone Adyar,JagannathaPuram,neighbourhood,node,4304426157,12.9846819,80.2218917,OpenStreetMap Overpass,https://www.openstreetmap.org/node/4304426157,false,
chennai,ward-178,178,Ward 178,Zone Adyar,Rajalakshmi Nagar,neighbourhood,node,4304426158,12.9852883,80.2187428,OpenStreetMap Overpass,https://www.openstreetmap.org/node/4304426158,false,
chennai,ward-178,178,Ward 178,Zone Adyar,Velachery,suburb,way,422418168,12.9807243,80.2189104,OpenStreetMap Overpass,https://www.openstreetmap.org/way/422418168,false,
chennai,ward-178,178,Ward 178,Zone Adyar,Vijaynagar,neighbourhood,node,306114498,12.9757425,80.2209882,OpenStreetMap Overpass,https://www.openstreetmap.org/node/306114498,false,
chennai,ward-179,179,Ward 179,Zone Adyar,Baby Nagar,neighbourhood,node,4294644648,12.9803651,80.2291946,OpenStreetMap Overpass,https://www.openstreetmap.org/node/4294644648,false,
chennai,ward-179,179,Ward 179,Zone Adyar,Bhuvaneswary Nagar,neighbourhood,node,4294647426,12.9699099,80.2219533,OpenStreetMap Overpass,https://www.openstreetmap.org/node/4294647426,false,
chennai,ward-179,179,Ward 179,Zone Adyar,CMWSSB Division 179,neighbourhood,way,964273373,12.9773510,80.2261185,OpenStreetMap Overpass,https://www.openstreetmap.org/way/964273373,false,
chennai,ward-179,179,Ward 179,Zone Adyar,Dandhesswaram,neighbourhood,node,4294644649,12.9826389,80.2241880,OpenStreetMap Overpass,https://www.openstreetmap.org/node/4294644649,false,
chennai,ward-179,179,Ward 179,Zone Adyar,New Colony,neighbourhood,node,4304450062,12.9827099,80.2322973,OpenStreetMap Overpass,https://www.openstreetmap.org/node/4304450062,false,
chennai,ward-179,179,Ward 179,Zone Adyar,Seethapathy Nagar,neighbourhood,node,4294644651,12.9819509,80.2270333,OpenStreetMap Overpass,https://www.openstreetmap.org/node/4294644651,false,
chennai,ward-179,179,Ward 179,Zone Adyar,Seshadripuram,neighbourhood,node,4294644652,12.9798387,80.2306689,OpenStreetMap Overpass,https://www.openstreetmap.org/node/4294644652,false,
chennai,ward-179,179,Ward 179,Zone Adyar,Seva Nagar Velachery,neighbourhood,node,4294644653,12.9864108,80.2293212,OpenStreetMap Overpass,https://www.openstreetmap.org/node/4294644653,false,
chennai,ward-179,179,Ward 179,Zone Adyar,Sony Nagar,neighbourhood,node,4294644654,12.9865105,80.2279906,OpenStreetMap Overpass,https://www.openstreetmap.org/node/4294644654,false,
chennai,ward-179,179,Ward 179,Zone Adyar,Tansi Nagar,neighbourhood,node,4294644655,12.9774585,80.2234467,OpenStreetMap Overpass,https://www.openstreetmap.org/node/4294644655,false,
chennai,ward-179,179,Ward 179,Zone Adyar,Udhayam Nagar,neighbourhood,node,4294644656,12.9791677,80.2321701,OpenStreetMap Overpass,https://www.openstreetmap.org/node/4294644656,false,
chennai,ward-179,179,Ward 179,Zone Adyar,Venus Colony,neighbourhood,node,4294647428,12.9743952,80.2277223,OpenStreetMap Overpass,https://www.openstreetmap.org/node/4294647428,false,
chennai,ward-179,179,Ward 179,Zone Adyar,VGP Selva Nagar,neighbourhood,node,4294647427,12.9712216,80.2211034,OpenStreetMap Overpass,https://www.openstreetmap.org/node/4294647427,false,
chennai,ward-180,180,Ward 180,Zone Adyar,CMWSSB Division 180,neighbourhood,way,964273372,12.9872580,80.2445055,OpenStreetMap Overpass,https://www.openstreetmap.org/way/964273372,false,
chennai,ward-180,180,Ward 180,Zone Adyar,Taramani,suburb,node,325198962,12.9849067,80.2404069,OpenStreetMap Overpass,https://www.openstreetmap.org/node/325198962,false,
chennai,ward-180,180,Ward 180,Zone Adyar,Vikram Sarabhai Industrial Estate,neighbourhood,node,1457526998,12.9809554,80.2508748,OpenStreetMap Overpass,https://www.openstreetmap.org/node/1457526998,false,
chennai,ward-181,181,Ward 181,Zone Adyar,CMWSSB Division 181,neighbourhood,way,964273371,12.9899870,80.2637970,OpenStreetMap Overpass,https://www.openstreetmap.org/way/964273371,false,
chennai,ward-181,181,Ward 181,Zone Adyar,Nava Bharath Colony,neighbourhood,node,334267235,12.9900052,80.2666669,OpenStreetMap Overpass,https://www.openstreetmap.org/node/334267235,false,
chennai,ward-181,181,Ward 181,Zone Adyar,Thiruvanmiyur,suburb,node,249497808,12.9858948,80.2644215,OpenStreetMap Overpass,https://www.openstreetmap.org/node/249497808,false,
chennai,ward-182,182,Ward 182,Zone Adyar,CMWSSB Division 182,neighbourhood,way,964273370,12.9808515,80.2609590,OpenStreetMap Overpass,https://www.openstreetmap.org/way/964273370,false,
chennai,ward-182,182,Ward 182,Zone Adyar,Devendra Nagar,neighbourhood,node,334201335,12.9787571,80.2554600,OpenStreetMap Overpass,https://www.openstreetmap.org/node/334201335,false,
chennai,ward-182,182,Ward 182,Zone Adyar,Kannappa Nagar,neighbourhood,node,1453466052,12.9755547,80.2569078,OpenStreetMap Overpass,https://www.openstreetmap.org/node/1453466052,false,
chennai,ward-182,182,Ward 182,Zone Adyar,PTC Colony,neighbourhood,node,334201359,12.9763834,80.2565187,OpenStreetMap Overpass,https://www.openstreetmap.org/node/334201359,false,
chennai,ward-183,183,Ward 183,Zone Perungudi,AGS Colony,neighbourhood,node,334201370,12.9745922,80.2564334,OpenStreetMap Overpass,https://www.openstreetmap.org/node/334201370,false,
chennai,ward-183,183,Ward 183,Zone Perungudi,Avvai Nagar,neighbourhood,node,1446415364,12.9773778,80.2538832,OpenStreetMap Overpass,https://www.openstreetmap.org/node/1446415364,false,
chennai,ward-183,183,Ward 183,Zone Perungudi,CMWSSB Division 183,neighbourhood,way,964273369,12.9733125,80.2545830,OpenStreetMap Overpass,https://www.openstreetmap.org/way/964273369,false,
chennai,ward-183,183,Ward 183,Zone Perungudi,Jayendra Colony,neighbourhood,node,1454648321,12.9698277,80.2482316,OpenStreetMap Overpass,https://www.openstreetmap.org/node/1454648321,false,
chennai,ward-183,183,Ward 183,Zone Perungudi,Judge's Colony,neighbourhood,node,1453588714,12.9759601,80.2481745,OpenStreetMap Overpass,https://www.openstreetmap.org/node/1453588714,false,
chennai,ward-183,183,Ward 183,Zone Perungudi,Kottivakkam,suburb,node,306113450,12.9705053,80.2615033,OpenStreetMap Overpass,https://www.openstreetmap.org/node/306113450,false,
chennai,ward-183,183,Ward 183,Zone Perungudi,MGR Nagar,neighbourhood,node,1453588715,12.9795827,80.2494441,OpenStreetMap Overpass,https://www.openstreetmap.org/node/1453588715,false,
chennai,ward-183,183,Ward 183,Zone Perungudi,NATCO Colony,neighbourhood,node,1453434169,12.9707301,80.2570084,OpenStreetMap Overpass,https://www.openstreetmap.org/node/1453434169,false,
chennai,ward-183,183,Ward 183,Zone Perungudi,Natesan Colony,neighbourhood,node,1453467729,12.9730941,80.2566860,OpenStreetMap Overpass,https://www.openstreetmap.org/node/1453467729,false,
chennai,ward-183,183,Ward 183,Zone Perungudi,Nehru Nagar Industrial Estate,neighbourhood,node,257439186,12.9742161,80.2475423,OpenStreetMap Overpass,https://www.openstreetmap.org/node/257439186,false,
chennai,ward-183,183,Ward 183,Zone Perungudi,Sangam Colony,neighbourhood,node,1446415385,12.9673858,80.2558203,OpenStreetMap Overpass,https://www.openstreetmap.org/node/1446415385,false,
chennai,ward-183,183,Ward 183,Zone Perungudi,Swaminathan Nagar,neighbourhood,node,1453431020,12.9713518,80.2543421,OpenStreetMap Overpass,https://www.openstreetmap.org/node/1453431020,false,
chennai,ward-183,183,Ward 183,Zone Perungudi,Venkateshpuram,neighbourhood,node,1446415390,12.9689832,80.2523969,OpenStreetMap Overpass,https://www.openstreetmap.org/node/1446415390,false,
chennai,ward-183,183,Ward 183,Zone Perungudi,Venkateshwara Nagar Colony,neighbourhood,node,1453588716,12.9769974,80.2446253,OpenStreetMap Overpass,https://www.openstreetmap.org/node/1453588716,false,
chennai,ward-184,184,Ward 184,Zone Perungudi,CMWSSB Division 184,neighbourhood,way,964273368,12.9693825,80.2383235,OpenStreetMap Overpass,https://www.openstreetmap.org/way/964273368,false,
chennai,ward-184,184,Ward 184,Zone Perungudi,Govindaswamy Nagar,neighbourhood,node,1446415376,12.9685697,80.2459158,OpenStreetMap Overpass,https://www.openstreetmap.org/node/1446415376,false,
chennai,ward-184,184,Ward 184,Zone Perungudi,Perungudi,suburb,node,257439179,12.9710239,80.2418051,OpenStreetMap Overpass,https://www.openstreetmap.org/node/257439179,false,
chennai,ward-184,184,Ward 184,Zone Perungudi,Tirumalai Nagar,neighbourhood,node,1453679151,12.9718042,80.2455776,OpenStreetMap Overpass,https://www.openstreetmap.org/node/1453679151,false,
chennai,ward-185,185,Ward 185,Zone Perungudi,CMWSSB Division 185,neighbourhood,way,964273367,12.9622345,80.2539075,OpenStreetMap Overpass,https://www.openstreetmap.org/way/964273367,false,
chennai,ward-185,185,Ward 185,Zone Perungudi,Kandaswamy Nagar,neighbourhood,node,1453434168,12.9661782,80.2548185,OpenStreetMap Overpass,https://www.openstreetmap.org/node/1453434168,false,
chennai,ward-185,185,Ward 185,Zone Perungudi,Palavakkam,suburb,node,306113540,12.9599900,80.2560268,OpenStreetMap Overpass,https://www.openstreetmap.org/node/306113540,false,
chennai,ward-185,185,Ward 185,Zone Perungudi,Thiruvalluvar Nagar,neighbourhood,node,1446415388,12.9626104,80.2474675,OpenStreetMap Overpass,https://www.openstreetmap.org/node/1446415388,false,
chennai,ward-186,186,Ward 186,Zone Perungudi,CMWSSB Division 186,neighbourhood,way,964273366,12.9588685,80.2387725,OpenStreetMap Overpass,https://www.openstreetmap.org/way/964273366,false,
chennai,ward-187,187,Ward 187,Zone Perungudi,CMWSSB Division 187,neighbourhood,way,964273365,12.9626855,80.1930120,OpenStreetMap Overpass,https://www.openstreetmap.org/way/964273365,false,
chennai,ward-187,187,Ward 187,Zone Perungudi,Karthikeyapuram,neighbourhood,node,1760697495,12.9625935,80.1945242,OpenStreetMap Overpass,https://www.openstreetmap.org/node/1760697495,false,
chennai,ward-187,187,Ward 187,Zone Perungudi,Madura Kali Nagar,neighbourhood,node,1636177745,12.9580319,80.1938321,OpenStreetMap Overpass,https://www.openstreetmap.org/node/1636177745,false,
chennai,ward-187,187,Ward 187,Zone Perungudi,Park Square colony,neighbourhood,node,1760699733,12.9656647,80.1934861,OpenStreetMap Overpass,https://www.openstreetmap.org/node/1760699733,false,
chennai,ward-188,188,Ward 188,Zone Perungudi,CMWSSB Division 188,neighbourhood,way,964273364,12.9536845,80.2040770,OpenStreetMap Overpass,https://www.openstreetmap.org/way/964273364,false,
chennai,ward-188,188,Ward 188,Zone Perungudi,Kuberan Nagar,neighbourhood,node,978454328,12.9574931,80.2062346,OpenStreetMap Overpass,https://www.openstreetmap.org/node/978454328,false,
chennai,ward-188,188,Ward 188,Zone Perungudi,Madipakkam,suburb,node,278544356,12.9611348,80.2001292,OpenStreetMap Overpass,https://www.openstreetmap.org/node/278544356,false,
chennai,ward-188,188,Ward 188,Zone Perungudi,Sadasiva Nagar,neighbourhood,node,280521508,12.9651292,80.2028543,OpenStreetMap Overpass,https://www.openstreetmap.org/node/280521508,false,
chennai,ward-188,188,Ward 188,Zone Perungudi,Sheela Nagar,neighbourhood,node,1317142941,12.9650499,80.2020747,OpenStreetMap Overpass,https://www.openstreetmap.org/node/1317142941,false,
chennai,ward-189,189,Ward 189,Zone Perungudi,CMWSSB Division 189,neighbourhood,way,964273363,12.9471015,80.2185385,OpenStreetMap Overpass,https://www.openstreetmap.org/way/964273363,false,
chennai,ward-189,189,Ward 189,Zone Perungudi,Kamakoti Nagar,neighbourhood,node,12534286145,12.9410358,80.2132684,OpenStreetMap Overpass,https://www.openstreetmap.org/node/12534286145,false,
chennai,ward-189,189,Ward 189,Zone Perungudi,Kamatchi Nagar,neighbourhood,node,12534285821,12.9445831,80.2158648,OpenStreetMap Overpass,https://www.openstreetmap.org/node/12534285821,false,
chennai,ward-189,189,Ward 189,Zone Perungudi,Narayanapuram,suburb,node,306115288,12.9417967,80.2083837,OpenStreetMap Overpass,https://www.openstreetmap.org/node/306115288,false,
chennai,ward-190,190,Ward 190,Zone Perungudi,CMWSSB Division 190,neighbourhood,way,964273362,12.9250755,80.2101340,OpenStreetMap Overpass,https://www.openstreetmap.org/way/964273362,false,
chennai,ward-190,190,Ward 190,Zone Perungudi,Pallikaranai,suburb,node,964604382,12.9304748,80.2077692,OpenStreetMap Overpass,https://www.openstreetmap.org/node/964604382,false,
chennai,ward-191,191,Ward 191,Zone Perungudi,CMWSSB Division 191,neighbourhood,way,964273361,12.9187550,80.2024240,OpenStreetMap Overpass,https://www.openstreetmap.org/way/964273361,false,
chennai,ward-191,191,Ward 191,Zone Perungudi,Isha Garden,neighbourhood,node,1329325707,12.9138218,80.2020278,OpenStreetMap Overpass,https://www.openstreetmap.org/node/1329325707,false,
chennai,ward-191,191,Ward 191,Zone Perungudi,Jalladampet,suburb,node,306115540,12.9197533,80.2016924,OpenStreetMap Overpass,https://www.openstreetmap.org/node/306115540,false,
chennai,ward-191,191,Ward 191,Zone Perungudi,Jayachandran Nagar,suburb,node,1329325017,12.9216334,80.1987877,OpenStreetMap Overpass,https://www.openstreetmap.org/node/1329325017,false,
chennai,ward-192,192,Ward 192,Zone Sozhinganallur,CMWSSB Division 192,neighbourhood,way,964273360,12.9481015,80.2550810,OpenStreetMap Overpass,https://www.openstreetmap.org/way/964273360,false,
chennai,ward-192,192,Ward 192,Zone Sozhinganallur,Neelankarai,suburb,node,306114285,12.9454955,80.2574692,OpenStreetMap Overpass,https://www.openstreetmap.org/node/306114285,false,
chennai,ward-193,193,Ward 193,Zone Sozhinganallur,CMWSSB Division 193,neighbourhood,way,964273359,12.9446325,80.2411410,OpenStreetMap Overpass,https://www.openstreetmap.org/way/964273359,false,
chennai,ward-193,193,Ward 193,Zone Sozhinganallur,PVS Nagar,neighbourhood,node,415858191,12.9476068,80.2420150,OpenStreetMap Overpass,https://www.openstreetmap.org/node/415858191,false,
chennai,ward-193,193,Ward 193,Zone Sozhinganallur,Sai Nagar,neighbourhood,node,12718947448,12.9516304,80.2344713,OpenStreetMap Overpass,https://www.openstreetmap.org/node/12718947448,false,
chennai,ward-193,193,Ward 193,Zone Sozhinganallur,Srinivasa Nagar,neighbourhood,node,415858178,12.9503003,80.2469674,OpenStreetMap Overpass,https://www.openstreetmap.org/node/415858178,false,
chennai,ward-194,194,Ward 194,Zone Sozhinganallur,CMWSSB Division 194,neighbourhood,way,964273358,12.9359885,80.2374225,OpenStreetMap Overpass,https://www.openstreetmap.org/way/964273358,false,
chennai,ward-194,194,Ward 194,Zone Sozhinganallur,Metukuppam,neighbourhood,node,415858922,12.9365399,80.2374231,OpenStreetMap Overpass,https://www.openstreetmap.org/node/415858922,false,
chennai,ward-194,194,Ward 194,Zone Sozhinganallur,Thuraipakkam,suburb,node,257439176,12.9385525,80.2372132,OpenStreetMap Overpass,https://www.openstreetmap.org/node/257439176,false,
chennai,ward-195,195,Ward 195,Zone Sozhinganallur,CMWSSB Division 195,neighbourhood,way,964273357,12.9262770,80.2357740,OpenStreetMap Overpass,https://www.openstreetmap.org/way/964273357,false,
chennai,ward-195,195,Ward 195,Zone Sozhinganallur,Kannagi Nagar,neighbourhood,node,401654480,12.9276450,80.2396671,OpenStreetMap Overpass,https://www.openstreetmap.org/node/401654480,false,
chennai,ward-196,196,Ward 196,Zone Sozhinganallur,CMWSSB Division 196,neighbourhood,way,964273356,12.9223615,80.2504235,OpenStreetMap Overpass,https://www.openstreetmap.org/way/964273356,false,
chennai,ward-196,196,Ward 196,Zone Sozhinganallur,Injambakkam,suburb,node,306115800,12.9189367,80.2512950,OpenStreetMap Overpass,https://www.openstreetmap.org/node/306115800,false,
chennai,ward-197,197,Ward 197,Zone Sozhinganallur,CMWSSB Division 197,neighbourhood,way,964273355,12.9065595,80.2284260,OpenStreetMap Overpass,https://www.openstreetmap.org/way/964273355,false,
chennai,ward-197,197,Ward 197,Zone Sozhinganallur,CMWSSB Division 198,neighbourhood,way,964273354,12.8910910,80.2325280,OpenStreetMap Overpass,https://www.openstreetmap.org/way/964273354,false,
chennai,ward-197,197,Ward 197,Zone Sozhinganallur,Karapakkam,suburb,node,306115629,12.9117073,80.2277203,OpenStreetMap Overpass,https://www.openstreetmap.org/node/306115629,false,
chennai,ward-197,197,Ward 197,Zone Sozhinganallur,Sholinganallur,suburb,node,256197959,12.8935356,80.2320634,OpenStreetMap Overpass,https://www.openstreetmap.org/node/256197959,false,
chennai,ward-198,198,Ward 198,Zone Sozhinganallur,Panaiyur,suburb,node,11728015253,12.8878546,80.2451984,OpenStreetMap Overpass,https://www.openstreetmap.org/node/11728015253,false,
chennai,ward-199,199,Ward 199,Zone Sozhinganallur,Uthandi,suburb,node,306115841,12.8687677,80.2472090,OpenStreetMap Overpass,https://www.openstreetmap.org/node/306115841,false,
chennai,ward-200,200,Ward 200,Zone Sozhinganallur,CMWSSB Division 199,neighbourhood,way,964273353,12.8692005,80.2428805,OpenStreetMap Overpass,https://www.openstreetmap.org/way/964273353,false,
chennai,ward-200,200,Ward 200,Zone Sozhinganallur,CMWSSB Division 200,neighbourhood,way,964273352,12.8656960,80.2257290,OpenStreetMap Overpass,https://www.openstreetmap.org/way/964273352,false,
